Date,INFL,FFR,CU,CONS,IND,GDP,CPI,CRB,MB,M1,PPI,EMPL,UNEM,YLD1,YLD2,YLD3,YLD4,YLD5
1/15/1964,1.6465,3.48,,,27.6542,3335.39990234375,30.94,97.3,45042,153.7,33.5,68327,5.600000000000001,3.789,3.893,3.939,3.943,3.984
2/15/1964,1.4254,3.48,,2059.5,27.8418,3335.39990234375,30.91,97,45112,154.3,33.5,68751,5.4,3.947,3.981,4.025,4.01,4.023
3/15/1964,1.4239,3.43,,,27.8418,3348.16650390625,30.94,96.7,45371,154.5,33.4,68763,5.4,3.91,4.076,4.125,4.145,4.073
4/15/1964,1.5334,3.47,,,28.2974,3360.93310546875,30.95,97.40000000000001,45470,154.8,33.5,69356,5.300000000000001,3.783,3.978,4.047,4.082,4.077
5/15/1964,1.5334,3.5,,2095.8,28.4582,3373.699951171875,30.98,98.10000000000001,45651,155.3,33.5,69631,5.100000000000001,3.832,3.918,3.964,4.021,3.979
6/15/1964,1.3086,3.5,,,28.5385,3388.966552734375,31.01,97.10000000000001,45959,155.6,33.5,69218,5.2,3.78,3.779,3.894,3.972,3.977
7/15/1964,1.0858,3.42,,,28.7261,3404.233154296875,31.02,97.2,46143,156.8,33.5,69399,4.9,3.759,3.664,3.868,3.97,4.006
8/15/1964,.9772000000000001,3.5,,2134.3,28.9137,3419.5,31.05,97.60000000000001,46410,157.8,33.6,69463,5,3.813,3.734,3.902,3.991,4.022
9/15/1964,1.3029,3.45,,,29.0209,3422.666748046875,31.08,101.3,46714,158.7,33.6,69578,5.100000000000001,3.897,3.797,3.939,3.995,3.991
10/15/1964,.9740000000000001,3.36,,,28.6189,3425.83349609375,31.12,103.2,46823,159.2,33.6,69582,5.100000000000001,3.906,3.862,3.973,3.999,4.005
11/15/1964,1.2987,3.52,,2140.2,29.5032,3429,31.21,105,47106,160,33.6,69735,4.800000000000001,4.214,4.028,4.094,4.081,4.069
12/15/1964,.9709000000000001,3.85,,,29.8516,3457.10009765625,31.25,105.5,47161,160.3,33.6,69814,5,4.05,3.933,3.975,3.999,4.076
1/15/1965,.9709000000000001,3.9,,,30.1731,3485.2001953125,31.28,104.5,47281,160.7,33.6,69997,4.9,4.077,3.928,3.94,3.974,4.078
2/15/1965,.9709000000000001,3.98,,2187.8,30.3607,3513.300048828125,31.28,104.7,47500,160.9,33.7,70127,5.100000000000001,4.204,4.034,3.997,4.002,4.121
3/15/1965,1.2945,4.04,,,30.7627,3529.166748046875,31.31,104.9,47584,161.5,33.7,70439,4.7,4.14,4.026,4.024,4.003,4.101
4/15/1965,1.6181,4.09,,,30.8967,3545.033447265625,31.38,106.2,47721,162,34,70633,4.800000000000001,4.098,4.024,4.039,4.019,4.117
5/15/1965,1.6181,4.1,,2212,31.1378,3560.89990234375,31.48,108,47799,161.7,34.1,71034,4.600000000000001,4.077,4.03,4.036,4.017,4.12
6/15/1965,1.9355,4.04,,,31.379,3585,31.61,106.5,48061,162.2,34.2,71025,4.600000000000001,3.976,3.932,4.004,4.017,4.094
7/15/1965,1.6077,4.09,,,31.6737,3609.10009765625,31.58,106.4,48281,163,34.1,71460,4.4,4.018,3.999,4.048,4.112,4.121
8/15/1965,1.9355,4.12,,2250,31.8077,3633.199951171875,31.55,105.5,48453,163.7,34.2,71362,4.4,4.172,4.087,4.145,4.165,4.154
9/15/1965,1.6077,4.01,,,31.8881,3662.39990234375,31.62,106.8,48712,164.9,34.3,71286,4.3,4.346,4.246,4.264,4.268,4.248
10/15/1965,1.9293,4.08,,,32.2097,3691.599853515625,31.65,107.7,49029,166,34.4,71695,4.2,4.352,4.255,4.282,4.343,4.32
11/15/1965,1.6026,4.1,,2313.2,32.3437,3720.800048828125,31.75,108.1,49234,166.7,34.5,71724,4.100000000000001,4.436,4.291,4.398,4.432,4.395
12/15/1965,1.9231,4.32,,,32.7456,3751.2666015625,31.85,108.8,49620,167.8,34.7,72062,4,4.886,4.808,4.89,4.878,4.77
1/15/1966,1.9231,4.42,,,33.0672,3781.733154296875,31.88,112,49850,169.1,34.7,72198,4,4.92,4.824,4.901,4.905,4.826
2/15/1966,2.5641,4.600000000000001,,2347.4,33.2816,3812.199951171875,32.08,114.9,50054,169.6,35,72134,3.8,4.98,4.9,4.945,4.994,4.952
3/15/1966,2.5559,4.65,,,33.7371,3816.433349609375,32.18,116.8,50171,170.5,35,72188,3.8,4.93,4.726,4.74,4.779,4.727
4/15/1966,2.8662,4.67,,,33.7907,3820.666748046875,32.28,115,50439,171.8,35.1,72510,3.8,4.99,4.832,4.858,4.84,4.797
5/15/1966,2.8662,4.9,,2353.5,34.1123,3824.89990234375,32.35,114.2,50591,171.3,35.1,72497,3.9,5.09,5.004,4.985,4.998,4.884
6/15/1966,2.5316,5.17,,,34.273,3833.2666015625,32.38,113.8,50754,171.6,34.9,72775,3.8,5.106,5.078,5.12,5.113,5.007
7/15/1966,2.8481,5.3,,,34.4606,3841.63330078125,32.45,113.8,51019,170.3,35.1,72860,3.8,5.246,5.19,5.21,5.225,5.18
8/15/1966,3.481,5.53,,2380.4,34.4874,3850,32.65,113.4,50989,170.8,35.4,73146,3.8,5.931,5.84,5.766,5.8,5.56
9/15/1966,3.481,5.4,,,34.809,3860.39990234375,32.75,111.2,51154,172,35.6,73258,3.7,6,5.391,5.387,5.318,5.147
10/15/1966,3.7855,5.53,,,35.0501,3870.7998046875,32.85,108.4,51200,171.2,35.5,73401,3.7,5.7,5.284,5.234,5.21,5.116
11/15/1966,3.7855,5.76,,2390.3,34.809,3881.199951171875,32.88,104.4,51422,171.4,35.5,73840,3.6,5.438,5.354,5.334,5.308,5.195
12/15/1966,3.4591,5.4,,,34.8893,3892.599853515625,32.92,104.7,51565,172,35.4,73729,3.8,5.013,4.79,4.876,4.733,4.684
1/15/1967,3.4591,4.94,89.39020000000001,,35.0539,3903.999755859375,32.9,105,51876,171.9,35.4,73671,3.9,4.611,4.493,4.565,4.627,4.551
2/15/1967,2.8125,5,87.97500000000001,2404.2,34.6564,3915.39990234375,33,104.6,52173,173,35.3,73606,3.8,4.66,4.634,4.729,4.718,4.685
3/15/1967,2.8037,4.53,87.0835,,34.461,3915.66650390625,33,103.5,52494,174.8,35.3,73439,3.8,4.14,4.126,4.235,4.33,4.365
4/15/1967,2.4768,4.05,87.50890000000001,,34.786,3915.93310546875,33.1,100.8,52517,174.2,35.3,73882,3.8,4.03,4.337,4.502,4.612,4.631
5/15/1967,2.7864,3.94,86.3566,2437,34.4825,3916.199951171875,33.1,100.5,52682,175.7,35.4,73844,3.8,3.961,4.321,4.516,4.595,4.679
6/15/1967,2.7778,3.98,85.9603,,34.4782,3926.63330078125,33.3,101.8,52867,177,35.7,74278,3.9,5.061,4.921,5.051,5.174,5.253
7/15/1967,2.7692,3.79,85.38330000000001,,34.3997,3937.066650390625,33.4,100.3,53165,178.1,35.7,74520,3.8,5.096,4.87,4.952,4.976,5.02
8/15/1967,2.4465,3.9,86.63390000000001,2449.5,35.05880000000001,3947.5,33.5,98.90000000000001,53347,179.7,35.8,74767,3.8,5.259,5.148,5.212,5.181,5.186
9/15/1967,2.7523,3.99,86.1122,,35.0018,3957.533447265625,33.6,98.3,53670,180.7,35.8,74854,3.8,5.358,5.19,5.28,5.29,5.215
10/15/1967,2.4316,3.88,86.4325,,35.2869,3967.56689453125,33.7,97.90000000000001,54044,181.6,35.9,75051,4,5.518,5.559,5.53,5.524,5.563
11/15/1967,2.7356,4.13,87.2856,2464.6,35.7916,3977.60009765625,33.9,96.7,54241,182.4,35.9,75125,3.9,5.821,5.567,5.593,5.556,5.604
12/15/1967,3.0395,4.51,87.8417,,36.1771,4004.900146484375,34,97.60000000000001,54579,183.3,36,75473,3.8,5.944,5.701,5.709,5.689,5.589
1/15/1968,3.6474,4.600000000000001,87.3844,,36.1381,4032.2001953125,34.1,98.40000000000001,54892,184.3,36.1,74700,3.7,5.47,5.313,5.403,5.436,5.392
2/15/1968,3.9514,4.71,87.3497,2523.4,36.2676,4059.5,34.2,98.7,55171,184.7,36.2,75229,3.8,5.529,5.367,5.578,5.506,5.385
3/15/1968,3.9394,5.05,87.27590000000001,,36.3808,4082.5,34.3,98.40000000000001,55436,185.5,36.3,75379,3.7,5.686,5.504,5.685,5.715,5.54
4/15/1968,3.9275,5.76,87.05810000000001,,36.4335,4105.5,34.4,98.7,55692,186.6,36.5,75561,3.5,5.91,5.62,5.855,5.867,5.684
5/15/1968,3.9157,6.11,87.6892,2562.1,36.8422,4128.5,34.5,96.90000000000001,55872,188,36.5,76107,3.5,6.057,5.785,5.787,5.81,5.637
6/15/1968,4.2042,6.07,87.6674,,36.9775,4137.89990234375,34.7,96.8,56323,189.4,36.6,76182,3.7,5.9,5.528,5.552,5.539,5.374
7/15/1968,4.491000000000001,6.02,87.19210000000001,,36.9208,4147.2998046875,34.9,95.8,56626,190.5,36.7,76087,3.7,5.395,5.321,5.102,5.121,5.089
8/15/1968,4.4776,6.03,87.09620000000001,2610.3,37.0238,4156.7001953125,35,95.2,56976,191.8,36.8,76043,3.5,5.362,5.13,5.117,5.111,5.168
9/15/1968,4.464300000000001,5.78,87.0883,,37.1641,4162.7001953125,35.1,96,57160,192.7,37,76172,3.4,5.373,5.334,5.196,5.134,5.185
10/15/1968,4.7478,5.91,86.9252,,37.2378,4168.7001953125,35.3,96.40000000000001,57477,194,37,76224,3.4,5.625,5.445,5.282,5.222,5.318
11/15/1968,4.7337,5.82,87.712,2622.3,37.7195,4174.7001953125,35.4,98.8,57887,196,37.1,76494,3.4,5.815,5.559,5.375,5.366,5.488
12/15/1968,4.7198,6.02,87.65270000000001,,37.8386,4196.63330078125,35.6,99.60000000000001,58357,197.4,37.1,76778,3.4,6.487,6.294,6.056,6.258,6.329
1/15/1969,4.3988,6.3,87.8558,,38.0676,4218.56640625,35.7,100.8,58597,198.7,37.2,76805,3.4,6.096,6.139,5.989,5.82,6.058
2/15/1969,4.6784,6.61,88.1002,2651.7,38.3112,4240.5,35.8,103.9,58917,199.3,37.2,77327,3.4,6.652,6.296,6.358,6.169,6.288
3/15/1969,5.247800000000001,6.79,88.47250000000001,,38.6116,4244.60009765625,36.1,105.8,58999,200,37.4,77367,3.4,6.489,5.996,6.149,6.115,6.273
4/15/1969,5.5233,7.41,87.8319,,38.4695,4248.7001953125,36.3,106.2,59062,200.7,37.6,77523,3.4,6.179,6.073,6.107,5.949,6.202
5/15/1969,5.5072,8.67,87.1883,2668.6,38.3241,4252.7998046875,36.4,108.7,59552,200.8,37.8,77412,3.4,6.48,6.465,6.507,6.372,6.528
6/15/1969,5.4755,8.9,87.72760000000001,,38.6985,4261.7666015625,36.6,110.4,59794,201.3,38,77880,3.5,7.355,7.011,7.022,6.796,6.848
7/15/1969,5.444100000000001,8.609999999999999,87.87870000000001,,38.9028,4270.7333984375,36.8,110.7,59713,201.7,38.1,77959,3.5,7.338,7.257,7.113,6.843,6.776
8/15/1969,5.714300000000001,9.19,87.7701,2681.5,38.9922,4279.7001953125,36.9,111.4,60137,201.7,38.2,78250,3.5,7.637,7.285,7.186,7.015,6.953
9/15/1969,5.698,9.15,87.4422,,38.9834,4273,37.1,113.2,60357,202.1,38.3,78250,3.7,7.799,7.813,7.769,7.83,7.861
10/15/1969,5.6657,9,87.1615,,38.9949,4266.2998046875,37.3,114.1,60633,202.9,38.5,78445,3.7,7.369,7.223,7.195,7.227,7.118
11/15/1969,5.9322,8.85,86.0386,2702.9,38.62730000000001,4259.60009765625,37.5,113.7,61229,203.6,38.8,78541,3.5,7.883,7.458,7.514,7.467,7.416
12/15/1969,6.1972,8.970000000000001,85.50930000000001,,38.5236,4257.36669921875,37.7,114.4,61569,203.9,38.90000000000001,78740,3.5,8.023999999999999,8.112,8.157,8.19,7.968
1/15/1970,6.1798,8.98,83.6485,,37.81030000000001,4255.13330078125,37.9,114.9,61792,206.2,39.1,78780,3.9,8,7.985,8.058999999999999,8.082000000000001,8.061
2/15/1970,6.145300000000001,8.98,83.3318,2719.5,37.7854,4252.89990234375,38.1,115.9,61931,205,39,78698,4.2,6.919,7.019,7.025,7.158,7.14
3/15/1970,5.817200000000001,7.76,82.96350000000001,,37.7363,4255.5,38.3,116.4,62205,205.7,39.1,78863,4.4,6.606,6.907,6.858,7.13,7.047
4/15/1970,6.0606,8.1,82.49260000000001,,37.6393,4258.10009765625,38.5,116.2,62653,206.7,39.1,78930,4.600000000000001,7.487,7.575,7.73,7.81,7.736
5/15/1970,6.044,7.94,82.1405,2731.9,37.59540000000001,4260.7001953125,38.6,116.4,62977,207.2,39.1,78564,4.800000000000001,7.435,7.738,7.6,7.67,7.601
6/15/1970,6.0109,7.600000000000001,81.6215,,37.4738,4273.33349609375,38.8,114.2,63189,207.6,39.2,78413,4.9,7.187,7.449,7.565,7.623,7.538
7/15/1970,5.9783,7.21,81.5693,,37.5658,4285.966796875,38.9,113.6,63444,208,39.2,78726,5,6.806,7.182,7.313,7.48,7.368
8/15/1970,5.4054,6.61,81.17320000000001,2755.9,37.4988,4298.60009765625,39,112.9,63725,209.9,39.2,78624,5.100000000000001,6.796,7.008,7.187,7.359,7.25
9/15/1970,5.6604,6.29,80.3664,,37.2403,4283.39990234375,39.2,112.8,64087,211.8,39.6,78498,5.4,6.59,6.551,6.824,6.973,7.046
10/15/1970,5.63,6.2,78.51780000000001,,36.4954,4268.19970703125,39.4,111,64303,212.9,39.6,78685,5.5,6.32,6.506,6.7,6.847,6.872
11/15/1970,5.600000000000001,5.600000000000001,77.8043,2748.4,36.2743,4253,39.6,111.2,64574,213.7,39.8,78650,5.9,5.096,5.31,5.632,5.82,5.901
12/15/1970,5.5703,4.9,79.349,,37.1074,4292.10009765625,39.8,108.3,65013,214.4,39.8,78594,6.100000000000001,4.883,5.399,5.765,5.809,5.918
1/15/1971,5.291,4.14,79.7358,,37.3928,4331.2001953125,39.9,106.2,65545,215.5,39.90000000000001,78864,5.9,4.31,4.643,5.234,5.6,5.651
2/15/1971,5,3.72,79.38120000000001,2800.9,37.3216,4370.2998046875,39.9,109.6,66037,217.4,40.1,78700,5.9,3.772,4.28,4.835,5.152,5.302
3/15/1971,4.712000000000001,3.71,79.09350000000001,,37.2811,4378.56640625,40,109.2,66378,218.8,40.2,78588,6,3.756,4.144,4.51,4.814,4.976
4/15/1971,4.1558,4.15,79.33590000000001,,37.4905,4386.8330078125,40.1,109.5,66731,220,40.3,78987,5.9,4.549,5.214,5.704,5.795,5.971
5/15/1971,4.404100000000001,4.63,79.53660000000001,2826.6,37.6807,4395.10009765625,40.3,108.6,67315,222,40.5,79139,5.9,4.889,5.41,5.845,5.837,6.204
6/15/1971,4.639200000000001,4.91,79.66850000000001,,37.8388,4406.80029296875,40.5,107.7,67678,223.5,40.6,78757,5.9,6.056,6.262,6.672,6.609,6.78
7/15/1971,4.359,5.31,79.2371,,37.7289,4418.50048828125,40.6,108.7,68155,224.9,40.40000000000001,79305,6,6.11,6.311,6.727,6.823,6.889
8/15/1971,4.6154,5.56,78.5792,2849.1,37.51000000000001,4430.2001953125,40.7,108.3,68413,225.6,40.7,79539,6.100000000000001,5.267,5.444,5.707,5.798,6.02
9/15/1971,4.0816,5.55,79.65610000000001,,38.1196,4434.30029296875,40.8,108.1,68751,226.5,40.7,79689,6,5.268,5.394,5.647,5.766,5.961
10/15/1971,3.8071,5.2,80.05160000000001,,38.4049,4438.400390625,40.9,106.8,68603,227.2,40.7,79918,5.800000000000001,4.586,4.957,5.205,5.427,5.657
11/15/1971,3.2828,4.91,80.19080000000001,2896.5,38.5679,4442.5,41,106,68894,227.8,40.8,80297,6,4.739,5.057,5.281,5.494,5.72
12/15/1971,3.2663,4.14,80.91460000000001,,39.0131,4468.966796875,41.1,105.7,69108,228.3,41.1,80471,6,4.179,4.826,5.076,5.2,5.425
1/15/1972,3.2663,3.5,82.6495,,39.95050000000001,4495.43359375,41.2,107.3,69853,230.1,41,80959,5.800000000000001,4.124,4.802,5.328,5.476,5.715
2/15/1972,3.5088,3.29,83.2286,2935.2,40.3262,4521.89990234375,41.4,111.9,70368,232.3,41.3,81108,5.7,4.288,4.766,5.242,5.438,5.661
3/15/1972,3.5,3.83,83.6516,,40.6295,4557.63330078125,41.4,112.7,70820,234.3,41.3,81573,5.800000000000001,4.934,5.524,5.776,5.871,5.995
4/15/1972,3.4913,4.17,84.29640000000001,,41.0439,4593.36669921875,41.5,114.9,71031,235.6,41.3,81655,5.7,4.51,5.108,5.524,5.64,5.794
5/15/1972,3.2258,4.27,84.0528,2991.2,41.0279,4629.10009765625,41.6,118.2,71525,235.9,41.5,81887,5.7,4.627,4.944,5.377,5.557,5.711
6/15/1972,2.7094,4.46,84.06530000000001,,41.1391,4643.89990234375,41.7,119.5,71817,236.6,41.7,82083,5.7,5.248,5.432,5.698,5.851,5.905
7/15/1972,2.9484,4.55,83.8236,,41.1281,4658.69970703125,41.8,118.8,72173,238.8,41.8,82230,5.600000000000001,4.946,5.244,5.663,5.858,5.887
8/15/1972,2.9412,4.8,84.69680000000001,3037.4,41.6686,4673.5,41.9,120.3,72623,240.9,42,82578,5.600000000000001,5.482,5.63,5.888,6.113,6.079
9/15/1972,3.1863,4.87,85.0836,,41.9759,4699.16650390625,42.1,122,72984,243.2,42.2,82543,5.5,5.644,5.787,5.928,6.005,6.051
10/15/1972,3.423,5.04,86.0112,,42.5566,4724.8330078125,42.2,123,73644,245,42,82616,5.600000000000001,5.537,5.754,5.933,6.083,6.09
11/15/1972,3.6675,5.06,86.75330000000001,3108.6,43.053,4750.5,42.4,125.2,74370,246.4,42.3,82990,5.300000000000001,5.392,5.64,5.806,6.01,6.004
12/15/1972,3.4063,5.33,87.473,,43.5447,4791,42.5,127.9,75167,249.2,42.7,83400,5.2,5.525,5.916,5.989,6.06,6.167
1/15/1973,3.6496,5.94,87.79310000000001,,43.8413,4831.5,42.7,131.9,75925,251.5,43,83161,4.9,6.144,6.209,6.277,6.371,6.299
2/15/1973,3.8741,6.58,88.83680000000001,3165.5,44.5056,4872,43,136.1,76160,252.2,43.5,83912,5,6.404,6.517,6.58,6.609,6.589
3/15/1973,4.5894,7.09,88.55510000000001,,44.5107,4890.7998046875,43.4,146.1,76663,251.7,44.40000000000001,84452,4.9,6.93,6.799,6.696,6.632,6.647
4/15/1973,5.0602,7.12,88.1044,,44.4316,4909.599609375,43.7,148.8,76962,252.7,44.7,84559,5,6.701,6.631,6.631,6.55,6.568
5/15/1973,5.5288,7.84,88.3794,3163.9,44.7206,4928.39990234375,43.9,156.2,77393,254.9,45,84648,4.9,6.944,6.729,6.617,6.542,6.594
6/15/1973,5.995200000000001,8.49,88.1183,,44.7404,4919.63330078125,44.2,166.3,77842,256.7,45.5,85185,4.9,7.556,6.964,6.879,6.71,6.717
7/15/1973,5.7279,10.4,88.2021,,44.9344,4910.86669921875,44.2,171.9,78531,257.5,45.40000000000001,85299,4.800000000000001,8.625999999999999,7.961,7.793,7.831,7.639
8/15/1973,7.381,10.5,87.7534,3175.3,44.8551,4902.10009765625,45,195.1,78781,257.7,47,85204,4.800000000000001,8.367000000000001,7.657,7.245,7.127,7.049
9/15/1973,7.3634,10.78,88.24390000000001,,45.254,4917.66650390625,45.2,202,79316,257.9,46.90000000000001,85488,4.800000000000001,7.66,6.959,6.603,6.584,6.539
10/15/1973,7.8014,10.01,88.5746,,45.57,4933.23291015625,45.6,193.2,80173,259,46.8,85987,4.600000000000001,7.122,6.721,6.64,6.672,6.632
11/15/1973,8.2547,10.03,88.7277,3166,45.7925,4948.7998046875,45.9,187.5,80479,261,47.2,86320,4.800000000000001,7.424,6.693,6.605,6.597,6.607
12/15/1973,8.7059,9.950000000000001,88.238,,45.6782,4934.3330078125,46.3,192.1,81073,262.9,47.6,86401,4.9,7.124,6.689,6.631,6.657,6.682
1/15/1974,9.389700000000001,9.65,87.3528,,45.3548,4919.8662109375,46.8,207.3,81850,263.8,48.8,86555,5.100000000000001,6.885,6.669,6.709,6.748,6.741
2/15/1974,10.0233,8.970000000000001,86.86240000000001,3138.3,45.2296,4905.39990234375,47.3,217.5,82341,265.3,49.7,86754,5.2,7.021,6.814,6.689,6.794,6.806
3/15/1974,10.3926,9.35,86.6121,,45.2239,4909.60009765625,47.8,239.3,82835,266.7,50.2,86819,5.100000000000001,8.115,7.683,7.574,7.498,7.413
4/15/1974,10.0917,10.51,86.1611,,45.1067,4913.80029296875,48.1,232.2,83621,267.2,50.7,86669,5.100000000000001,8.67,8.147,8.057,8.007,7.937
5/15/1974,10.7062,11.31,86.5646,3149.2,45.4325,4918,48.6,229.4,84432,267.6,51.3,86891,5.100000000000001,8.315,7.971,7.937,7.9,7.729
6/15/1974,10.8597,11.93,86.30810000000001,,45.40790000000001,4901.7998046875,49,216.9,84895,268.5,51.3,86941,5.4,8.608000000000001,8.27,8.138999999999999,8.212999999999999,8.074
7/15/1974,11.5124,12.92,86.11020000000001,,45.4084,4885.599609375,49.3,229.1,85439,269.3,52.7,87149,5.5,8.657,8.367000000000001,8.321,8.334,8.186
8/15/1974,10.8647,12.01,85.11960000000001,3162.2,44.9849,4869.39990234375,49.9,249.9,85974,270.1,53.7,87037,5.5,9.677,8.656000000000001,8.414999999999999,8.319000000000001,8.375999999999999
9/15/1974,11.9469,11.34,85.0129,,45.0239,4863,50.6,236.3,86377,271,54.3,87051,5.9,7.892,8.035,7.812,7.87,7.837
10/15/1974,12.0614,10.06,84.5363,,44.8635,4856.60009765625,51,234.4,86513,272.3,55.3,86995,6,7.641,7.703,7.721,7.764,7.773
11/15/1974,12.2004,9.450000000000001,81.59400000000001,3115.8,43.386,4850.2001953125,51.5,228.6,87043,273.7,56.40000000000001,86626,6.600000000000001,7.511,7.193,7.31,7.321,7.389
12/15/1974,12.3377,8.529999999999999,78.55930000000001,,41.8506,4830.53369140625,51.9,223.3,87535,274.2,56.40000000000001,86144,7.2,6.875,7.169,7.145,7.141,7.092
1/15/1975,11.8026,7.13,77.3717,,41.2929,4810.8671875,52.3,207.9,87756,273.9,56.7,85627,8.1,6.083,6.641,6.841,7.026,7.155
2/15/1975,11.2288,6.24,75.4447,3142,40.3368,4791.2001953125,52.6,203,88192,275,56.6,85256,8.1,5.862,6.203,6.499,6.608,6.937
3/15/1975,10.251,5.54,74.524,,39.9149,4803.39990234375,52.8,199,88916,276.4,56.6,85187,8.6,6.19,6.684,6.972,7.204,7.293
4/15/1975,10.2083,5.49,74.4276,,39.93230000000001,4815.599609375,53,203.5,89116,276.2,57.1,85189,8.800000000000001,6.664,7.381,7.709,7.851,7.85
5/15/1975,9.465,5.22,74.13720000000001,3194.4,39.8456,4827.7998046875,53.1,198.9,89610,279.2,57.40000000000001,85451,9,6,6.774,7.093,7.282,7.412
6/15/1975,9.3878,5.55,74.5224,,40.1231,4854.89990234375,53.5,192.5,90817,282.4,57.90000000000001,85355,8.800000000000001,6.701,7.061,7.337,7.291,7.597
7/15/1975,9.7166,6.100000000000001,75.1824,,40.5504,4882,54,189.8,91373,283.7,58.40000000000001,85894,8.6,7.168,7.537,7.767,7.73,7.833
8/15/1975,8.6,6.140000000000001,75.7123,3239.9,40.9105,4909.10009765625,54.2,201.3,91700,284.1,58.90000000000001,86234,8.4,7.299,7.646,7.779,7.864,7.975
9/15/1975,7.9051,6.24,76.52680000000001,,41.4279,4930.5,54.6,206.9,92119,285.7,59.3,86279,8.4,7.531,8.004,8.016,8.250999999999999,8.109999999999999
10/15/1975,7.436400000000001,5.82,76.6778,,41.5893,4951.89990234375,54.9,205.8,92448,285.4,59.8,86370,8.4,6.149,6.908,7.109,7.287,7.539
11/15/1975,7.3786,5.22,76.72800000000001,3274.2,41.6983,4973.2998046875,55.3,197.3,93373,286.8,60,86456,8.300000000000001,6.42,7.133,7.319,7.35,7.705
12/15/1975,6.9364,5.2,77.52940000000001,,42.2182,5010.96630859375,55.6,189.6,93887,287.1,60.1,86665,8.200000000000001,5.974,6.614,6.948,7.119,7.354
1/15/1976,6.7179,4.87,78.50530000000001,,42.8365,5048.6328125,55.8,188.3,94281,288.4,60,87400,7.9,5.515,6.316,6.872,7.163,7.379
2/15/1976,6.2857,4.77,79.08540000000001,3339.6,43.2438,5086.2998046875,55.9,188.7,95039,290.8,59.90000000000001,87672,7.7,6.011,6.665,7.042,7.19,7.332
3/15/1976,6.072100000000001,4.84,78.9991,,43.2888,5099.06640625,56,193.7,95786,292.7,60,87985,7.600000000000001,5.993,6.616,6.932,7.16,7.289
4/15/1976,6.0491,4.82,79.2833,,43.538,5111.8330078125,56.1,197.3,96479,294.7,60.3,88416,7.7,5.982,6.561,6.873,7.009,7.264
5/15/1976,6.203,5.29,79.48350000000001,3370.3,43.7429,5124.60009765625,56.4,203.2,97251,295.9,60.40000000000001,88794,7.4,6.647,7.216,7.394,7.528,7.617
6/15/1976,5.9701,5.48,79.31440000000001,,43.7458,5132.966796875,56.7,204.1,97732,296.2,60.5,88563,7.600000000000001,6.342,6.916,7.104,7.355,7.462
7/15/1976,5.3506,5.31,79.59620000000001,,43.9979,5141.33349609375,57,210.9,98234,297.2,60.7,89093,7.800000000000001,6.018,6.653,6.903,7.158,7.266
8/15/1976,5.709000000000001,5.29,79.97240000000001,3405.9,44.3029,5149.7001953125,57.3,212.8,98888,299,60.90000000000001,89223,7.800000000000001,5.822,6.477,6.663,6.983,7.162
9/15/1976,5.4945,5.25,80.02850000000001,,44.4317,5162.1669921875,57.6,204.9,99446,299.6,61.1,89173,7.600000000000001,5.722,6.222,6.567,6.727,7.006
10/15/1976,5.4645,5.02,79.9115,,44.4651,5174.6337890625,57.9,199.8,100066,302,61.40000000000001,89274,7.7,5.423,5.954,6.23,6.471,6.727
11/15/1976,4.8825,4.95,80.91290000000001,3450.3,45.1233,5187.10009765625,58.1,195.2,100892,303.6,61.90000000000001,89634,7.800000000000001,4.915,5.326,5.604,5.857,6.052
12/15/1976,4.8649,4.65,81.54910000000001,,45.581,5207.16650390625,58.4,197.3,101515,306.2,62.40000000000001,89803,7.800000000000001,4.768,5.299,5.682,5.771,6.089
1/15/1977,5.215800000000001,4.61,80.8946,,45.3171,5227.23291015625,58.7,201.9,102237,308.3,62.5,89928,7.5,5.587,6.077,6.481,6.712,6.754
2/15/1977,5.914000000000001,4.68,81.8995,3489.7,45.9889,5247.2998046875,59.3,212.2,102654,311.5,63.2,90342,7.600000000000001,5.458,5.988,6.413,6.759,6.876
3/15/1977,6.4401,4.69,82.7171,,46.56030000000001,5282.06640625,59.6,215.5,103337,313.9,63.7,90808,7.4,5.352,5.915,6.351,6.672,6.857
4/15/1977,6.9519,4.73,83.315,,47.0118,5316.8330078125,60,219.2,104076,316,64,91271,7.2,5.426,6.001,6.308,6.709,6.83
5/15/1977,6.725700000000001,5.350000000000001,83.7975,3509,47.40320000000001,5351.60009765625,60.2,220.9,104630,317.2,64.40000000000001,91754,7,5.645,6.081,6.332,6.653,6.798
6/15/1977,6.8662,5.39,84.2043,,47.75700000000001,5383.5,60.5,215.5,105186,318.8,64.60000000000001,91959,7.2,5.609,5.972,6.172,6.463,6.615
7/15/1977,6.830100000000001,5.42,84.1079,,47.8287,5415.39990234375,60.8,206.7,106394,320.2,64.8,92084,6.9,6.119,6.372,6.512,6.782,6.907
8/15/1977,6.620200000000001,5.9,83.9188,3542.5,47.8502,5447.2998046875,61.1,200.5,107185,322.3,65.2,92441,7,6.236,6.481,6.617,6.762,6.841
9/15/1977,6.5972,6.140000000000001,84.07910000000001,,48.07400000000001,5446.89990234375,61.3,200.9,107923,324.5,65.5,92702,6.800000000000001,6.479,6.695,6.789,6.886,6.993
10/15/1977,6.3903,6.47,84.068,,48.2029,5446.5,61.6,201.9,108750,326.4,65.90000000000001,93052,6.800000000000001,6.782,7.019,7.123,7.214,7.274
11/15/1977,6.7241,6.51,83.855,3595.9,48.2183,5446.10009765625,62,203.3,109560,328.6,66.40000000000001,93761,6.800000000000001,6.625,6.983,7.049,7.123,7.199
12/15/1977,6.701000000000001,6.56,83.7141,,48.2758,5452.30029296875,62.3,209.4,110324,330.9,66.7,94105,6.4,6.835,7.081,7.164,7.323,7.448
1/15/1978,6.8376,6.7,82.3426,,47.6214,5458.50048828125,62.7,213.2,111449,334.4,67,94384,6.4,7.07,7.326,7.405,7.537,7.589
2/15/1978,6.4298,6.78,82.53,3616.9,47.86810000000001,5464.7001953125,63,219.1,112450,335.3,67.5,94519,6.300000000000001,7.133,7.421,7.558,7.661,7.724
3/15/1978,6.554600000000001,6.79,83.86490000000001,,48.7833,5536.36669921875,63.4,220.1,112778,337,67.8,94755,6.300000000000001,7.164,7.551,7.641,7.752,7.773
4/15/1978,6.5,6.890000000000001,85.27890000000001,,49.7483,5608.033203125,63.9,228,113377,339.9,68.60000000000001,95394,6.100000000000001,7.352,7.608,7.762,7.826,7.905
5/15/1978,6.9652,7.36,85.35470000000001,3694.2,49.9352,5679.7001953125,64.5,225,114418,344.9,69.10000000000001,95769,6,7.763,7.937,7.975,8.018000000000001,8.121
6/15/1978,7.4135,7.600000000000001,85.70310000000001,,50.2823,5698.2666015625,65,232,115376,346.9,69.7,96343,5.9,8.194000000000001,8.289,8.305,8.305,8.311
7/15/1978,7.7049,7.81,85.43140000000001,,50.2642,5716.8330078125,65.5,230,116273,347.6,70.3,96090,6.2,8.050000000000001,8.276999999999999,8.25,8.210000000000001,8.246
8/15/1978,7.843100000000001,8.040000000000001,85.52330000000001,3709.7,50.4585,5735.39990234375,65.90000000000001,230.1,116904,349.6,70.40000000000001,96431,5.9,8.254,8.259,8.16,8.173,8.188000000000001
9/15/1978,8.3062,8.449999999999999,85.5188,,50.59520000000001,5760.69970703125,66.5,239.6,118112,352.2,71.10000000000001,96670,6,8.553000000000001,8.426,8.244999999999999,8.269,8.276
10/15/1978,8.928600000000001,8.960000000000001,85.99250000000001,,51.0147,5785.99951171875,67.09999999999999,244.1,119044,353.3,71.40000000000001,97133,5.800000000000001,9.506,9.231999999999999,9.061999999999999,8.997999999999999,8.718999999999999
11/15/1978,8.885300000000001,9.76,86.3715,3739.6,51.3776,5811.2998046875,67.5,256.5,119733,355.4,72,97485,5.9,9.744,9.287000000000001,8.879,8.69,8.532999999999999
12/15/1978,9.0177,10.03,86.63430000000001,,51.6708,5814.533203125,67.90000000000001,250.4,120445,357.3,72.8,97581,6,10.142,9.629,9.363,9.092000000000001,9.013999999999999
1/15/1979,9.280000000000001,10.07,85.8276,,51.3231,5817.7666015625,68.5,251.5,121272,358.6,73.7,97948,5.9,9.781000000000001,9.369,8.923,8.707000000000001,8.699
2/15/1979,9.856900000000001,10.06,86.09870000000001,3758.5,51.6172,5821,69.2,259.5,121504,359.9,74.40000000000001,98329,5.9,9.904999999999999,9.606,9.032,9.026999999999999,9.035
3/15/1979,10.0946,10.09,86.1529,,51.7801,5822.7998046875,69.90000000000001,270.9,122065,362.5,75,98480,5.800000000000001,9.577999999999999,9.432,9.039999999999999,8.944000000000001,8.914999999999999
4/15/1979,10.4851,10.01,85.0163,,51.2227,5824.599609375,70.60000000000001,277.7,122819,368,75.8,98103,5.800000000000001,9.762,9.632,9.173999999999999,9.093,9.055
5/15/1979,10.8527,10.24,85.4616,3756.3,51.6155,5826.39990234375,71.40000000000001,277.4,123487,369.6,76.2,98331,5.600000000000001,9.621,9.276,8.81,8.808,8.678000000000001
6/15/1979,10.8896,10.29,85.2818,,51.6293,5840.36669921875,72.2,277.6,124635,373.4,76.60000000000001,98679,5.7,9.106999999999999,8.632999999999999,8.526,8.492000000000001,8.342000000000001
7/15/1979,11.2633,10.47,84.93380000000001,,51.5368,5854.33349609375,73,281.3,125810,377.2,77.40000000000001,99006,5.7,9.416,9.047000000000001,8.792,8.710000000000001,8.584
8/15/1979,11.8182,10.94,84.1815,3793.2,51.1936,5868.2998046875,73.7,277.8,127079,378.8,78.2,98776,6,10.054,9.548,9.218999999999999,9.042999999999999,8.851000000000001
9/15/1979,12.1805,11.43,84.11760000000001,,51.2649,5873.69970703125,74.40000000000001,281.8,128309,379.3,79.5,99340,5.9,10.581,9.77,9.496,9.214,9.09
10/15/1979,12.0715,13.77,84.39930000000001,,51.5443,5879.099609375,75.2,289.8,129458,380.8,80.40000000000001,99404,6,12.423,11.638,11.221,10.817,10.614
11/15/1979,12.6113,13.18,84.1417,3803.3,51.49160000000001,5884.5,76,278.1,130369,380.8,81.40000000000001,99574,5.9,11.183,10.966,10.151,9.959,9.965999999999999
12/15/1979,13.2939,13.78,84.03710000000001,,51.5296,5890.7998046875,76.90000000000001,283.1,131143,381.8,82.2,99933,6,11.156,10.836,10.374,10.115,9.957000000000001
1/15/1980,13.9092,13.82,84.23140000000001,,51.749,5897.099609375,78,287.5,131998,385.8,83.40000000000001,99879,6.300000000000001,11.615,11.367,10.778,10.692,10.59
2/15/1980,14.1823,14.13,84.13550000000001,3796.7,51.7896,5903.39990234375,79,288,132785,390.1,84.60000000000001,99995,6.300000000000001,14.387,13.679,13.248,12.673,12.198
3/15/1980,14.7564,17.19,83.7132,,51.6282,5863.06640625,80.10000000000001,294.2,133607,388.4,85.5,99713,6.300000000000001,14.88,13.982,13.016,12.28,12.236
4/15/1980,14.7309,17.61,81.8909,,50.6005,5822.73291015625,80.90000000000001,271.9,134740,383.8,86.2,99233,6.9,10.375,10.513,10.181,10.016,10.172
5/15/1980,14.4056,10.98,79.70270000000001,3710.5,49.3434,5782.39990234375,81.7,270.7,134998,384.8,86.60000000000001,98945,7.5,8.525,8.76,9.071,9.273999999999999,9.582000000000001
6/15/1980,14.3845,9.470000000000001,78.5711,,48.73860000000001,5778.83349609375,82.5,263.5,135679,389.1,87.30000000000001,98682,7.600000000000001,8.214,8.742000000000001,9.036,9.16,9.398999999999999
7/15/1980,13.1327,9.029999999999999,77.87820000000001,,48.4057,5775.26708984375,82.60000000000001,267.2,136637,394,88.7,98796,7.800000000000001,8.903,9.471,9.734,9.731,10.076
8/15/1980,12.8726,9.609999999999999,77.95180000000001,3750.3,48.5507,5771.7001953125,83.2,282,137977,399.2,89.7,98824,7.7,11.014,11.131,11.231,11.166,11.278
9/15/1980,12.6005,10.87,79.04140000000001,,49.3334,5807.2666015625,83.90000000000001,291.3,139220,404.8,90.10000000000001,99077,7.5,11.751,11.705,11.576,11.601,11.502
10/15/1980,12.766,12.81,79.8608,,49.95350000000001,5842.8330078125,84.7,292.5,140150,409,90.80000000000001,99317,7.5,12.953,12.499,12.329,12.091,12.251
11/15/1980,12.6482,15.85,81.0646,3800.3,50.8207,5878.39990234375,85.60000000000001,300.1,141566,410.7,91.40000000000001,99545,7.5,14.148,13.124,12.824,12.518,12.569
12/15/1980,12.5163,18.9,81.3501,,51.1172,5919.13330078125,86.40000000000001,294.6,142004,408.5,91.80000000000001,99634,7.2,12.811,12.392,11.975,11.977,11.879
1/15/1981,11.8252,19.08,80.7,,50.8279,5959.86669921875,87.2,283.5,141462,411.3,92.80000000000001,99955,7.5,13.491,12.537,12.249,12.187,12.26
2/15/1981,11.4068,15.93,80.1301,3821.1,50.5912,6000.60009765625,88,276.2,142270,414.8,93.60000000000001,100191,7.4,14.041,13.17,13.209,13.054,13.013
3/15/1981,10.4869,14.7,80.3518,,50.8564,5984.63330078125,88.60000000000001,275.7,143029,419,94.7,100571,7.4,12.603,12.621,12.634,12.732,12.854
4/15/1981,10,15.72,79.81270000000001,,50.6404,5968.66650390625,89.10000000000001,275.9,143917,427.4,95.7,101056,7.2,14.511,14.28,13.768,13.887,13.737
5/15/1981,9.780000000000001,18.52,80.1023,3821.1,50.9517,5952.7001953125,89.7,274.5,144587,424.7,96,101048,7.5,14.395,13.792,13.492,13.366,13.107
6/15/1981,9.5526,19.1,80.2696,,51.1873,5976.80029296875,90.5,270.3,145001,425.2,96.5,100298,7.5,13.906,13.988,13.554,13.808,13.228
7/15/1981,10.7618,19.04,80.56530000000001,,51.5055,6000.900390625,91.5,267.6,145839,426.9,96.7,100693,7.2,15.349,15.136,14.4,14.316,14.012
8/15/1981,10.8043,17.82,80.3746,3836.6,51.5122,6025,92.2,276.1,146467,426.9,96.80000000000001,100689,7.4,15.812,15.639,15.557,14.902,14.759
9/15/1981,10.9524,15.87,79.6734,,51.1894,6000,93.10000000000001,268.6,146941,427,97.2,100064,7.600000000000001,15.433,15.592,15.529,15.824,15.001
10/15/1981,10.1415,15.08,78.91630000000001,,50.82680000000001,5975,93.40000000000001,263.1,147062,428.4,97.60000000000001,100378,7.9,13.799,13.961,14.043,14.291,14.269
11/15/1981,9.5906,13.31,77.8656,3807.6,50.2701,5950,93.8,256.8,147749,431.3,97.90000000000001,100207,8.300000000000001,11.052,11.576,12.525,12.256,12.191
12/15/1981,8.9224,12.37,76.8231,,49.7121,5917.43310546875,94.10000000000001,252.1,149021,436.7,98.30000000000001,99645,8.5,12.9,13.208,13.475,13.556,13.438
1/15/1982,8.3908,13.22,75.1337,,48.7275,5884.8662109375,94.40000000000001,250,149991,442.7,98.90000000000001,99692,8.6,13.56,13.438,13.712,13.78,13.615
2/15/1982,7.6223,14.78,76.4344,3832.2,49.6787,5852.2998046875,94.7,255.6,150459,441.9,98.80000000000001,99762,8.9,13.733,13.702,13.567,13.575,13.426
3/15/1982,6.7797,14.68,75.71380000000001,,49.31180000000001,5862.86669921875,94.7,246.4,150660,442.7,98.80000000000001,99672,9,13.657,13.822,13.876,13.911,13.544
4/15/1982,6.5095,14.94,74.91540000000001,,48.8861,5873.43359375,95,247.1,151606,447.1,99,99576,9.300000000000001,13.341,13.477,13.401,13.283,13.129
5/15/1982,6.681500000000001,14.45,74.31180000000001,3845.9,48.5801,5884,95.90000000000001,247.9,152868,446.7,99,100116,9.4,12.708,12.977,13.17,13.096,13.128
6/15/1982,7.064,14.15,73.9406,,48.4188,5876.466796875,97,241.6,153861,447.5,99.80000000000001,99543,9.600000000000001,13.963,14.064,14.205,13.828,14.022
7/15/1982,6.441000000000001,12.59,73.5818,,48.2572,5868.93359375,97.5,240.2,154385,448,100.2,99493,9.800000000000001,12.273,12.794,12.999,12.784,13.19
8/15/1982,5.8505,10.12,72.8875,3875.4,47.8669,5861.39990234375,97.7,242.1,155470,451.4,100.6,99633,9.800000000000001,11.235,11.62,12.149,12.447,12.387
9/15/1982,5.0429,10.31,72.54140000000001,,47.6963,5862.93310546875,97.7,240.7,156629,456.9,100.7,99504,10.1,10.203,10.957,11.165,11.133,11.411
10/15/1982,5.139200000000001,9.710000000000001,71.852,,47.2918,5864.46630859375,98.10000000000001,233.6,157716,464.5,101,99215,10.4,9.371,9.920999999999999,10.534,10.271,10.349
11/15/1982,4.5891,9.200000000000001,71.51520000000001,3946.1,47.1114,5866,98,231.1,158667,471.5,101.4,99112,10.8,9.211,9.699999999999999,10.173,10.606,10.456
12/15/1982,3.8298,8.950000000000001,70.93340000000001,,46.7625,5890.2998046875,97.7,227.4,160127,474.8,101.8,99032,10.8,8.491,9.27,9.834,10.153,10.267
1/15/1983,3.7116,8.68,72.2501,,47.6595,5914.599609375,97.90000000000001,227.3,161136,477.2,101,99161,10.4,8.712,9.358000000000001,10.02,10,10.464
2/15/1983,3.4884,8.51,71.77460000000001,3984.8,47.37,5938.89990234375,98,236.3,163170,484.3,101.1,99089,10.4,8.454000000000001,9.135,9.526,9.923999999999999,10.043
3/15/1983,3.5979,8.77,72.3489,,47.7693,5983.39990234375,98.10000000000001,241.5,165052,490.6,101,99179,10.3,9.119,9.669,10.007,9.956,10.391
4/15/1983,3.8988,8.800000000000001,73.1825,,48.3376,6027.89990234375,98.8,247.9,166549,493.2,101.1,99560,10.2,8.615,9.205,9.557,9.722,10.022
5/15/1983,3.5491,8.630000000000001,73.67840000000001,4063.9,48.6819,6072.39990234375,99.2,248.9,167842,500,101.4,99642,10.1,9.228,9.791,10.04,10.336,10.556
6/15/1983,2.5773,8.98,74.0518,,48.9459,6112.33349609375,99.40000000000001,248.1,169393,504,101.6,100633,10.1,9.398999999999999,10.036,10.169,10.414,10.749
7/15/1983,2.4615,9.370000000000001,75.15700000000001,,49.69580000000001,6152.26708984375,99.8,247.5,170129,507.8,101.6,101208,9.4,10.191,10.689,10.949,11.389,11.522
8/15/1983,2.5589,9.56,75.9406,4135.7,50.2375,6192.2001953125,100.1,259.5,171208,510.5,101.9,101608,9.5,10.293,10.844,11.133,11.502,11.741
9/15/1983,2.8601,9.450000000000001,77.0403,,50.9943,6234.86669921875,100.4,273.1,172411,512.8000000000001,102.2,102016,9.200000000000001,9.648999999999999,10.273,10.657,10.77,11.277
10/15/1983,2.8513,9.48,77.6172,,51.41220000000001,6277.533203125,100.8,265.5,173584,517.2,102.2,102039,8.800000000000001,9.506,10.324,10.763,11.057,11.225
11/15/1983,3.2653,9.34,77.7967,4201.3,51.5746,6320.2001953125,101.1,268.1,174605,519,102,102729,8.5,9.651999999999999,10.395,10.668,11.084,11.114
12/15/1983,3.791,9.470000000000001,78.1061,,51.8311,6361.06689453125,101.4,268.6,175467,521.4,102.3,102996,8.300000000000001,9.803000000000001,10.529,10.744,11.167,11.36
1/15/1984,4.192200000000001,9.56,79.60220000000001,,52.88460000000001,6401.93359375,102.1,277.8,176896,525.1,103,103201,8,9.536,10.337,10.595,10.937,11.157
2/15/1984,4.5965,9.59,79.88940000000001,4237.3,53.145,6442.7998046875,102.6,279.8,177838,527.5,103.4,103824,7.800000000000001,9.917999999999999,10.738,10.999,11.324,11.495
3/15/1984,4.800800000000001,9.91,80.13460000000001,,53.3868,6479.86669921875,102.9,281.9,178872,531.4,103.8,103967,7.800000000000001,10.638,11.273,11.553,11.873,12.023
4/15/1984,4.5639,10.29,80.49380000000001,,53.7138,6516.93359375,103.3,287.5,179898,535,103.9,104336,7.7,10.706,11.583,11.771,12.046,12.293
5/15/1984,4.2339,10.32,80.74890000000001,4297.900000000001,53.9808,6554,103.5,288,180722,536.7,103.8,105193,7.4,11.893,12.628,12.946,13.118,13.4
6/15/1984,4.2211,11.06,80.87220000000001,,54.1691,6575.2333984375,103.7,289.3,181995,540.2,103.8,105591,7.2,11.919,12.77,13.108,13.211,13.35
7/15/1984,4.2042,11.23,80.98090000000001,,54.3551,6596.466796875,104.1,285.5,182991,540.9,104,105435,7.5,11.556,12.228,12.313,12.402,12.529
8/15/1984,4.2914,11.64,80.84650000000001,4331.1,54.3842,6617.7001953125,104.4,271.8,183754,541,103.8,105163,7.5,11.749,12.168,12.249,12.392,12.463
9/15/1984,4.2701,11.3,80.5372,,54.3007,6635.6669921875,104.7,276.8,184661,543.1,103.8,105490,7.300000000000001,11.047,11.73,11.911,12.101,12.162
10/15/1984,4.257400000000001,9.99,80.2358,,54.22640000000001,6653.6337890625,105.1,267.3,185219,543.7,103.6,105638,7.4,10.12,10.822,11.093,11.216,11.271
11/15/1984,4.0514,9.43,80.34100000000001,4388.1,54.4309,6671.60009765625,105.3,268.2,186104,547.5,104,105972,7.2,9.478,10.23,10.598,10.983,11.039
12/15/1984,3.9487,8.380000000000001,80.23140000000001,,54.4923,6692.56689453125,105.5,268.8,187252,551.6,104,106223,7.300000000000001,9.018000000000001,9.786,10.386,10.651,10.973
1/15/1985,3.5329,8.35,79.8357,,54.3608,6713.53369140625,105.7,256.9,188080,557,104,106302,7.300000000000001,8.837999999999999,9.68,10.112,10.548,10.583
2/15/1985,3.5156,8.5,79.9748,4462.5,54.5941,6734.5,106.3,256.7,189636,563.6,104.1,106555,7.2,9.676,10.403,10.783,11.262,11.305
3/15/1985,3.7037,8.58,79.8609,,54.6543,6753.5,106.8,251.2,190320,566.6,104.1,106989,7.2,9.535,10.188,10.632,11.117,11.111
4/15/1985,3.6857,8.27,79.4997,,54.5418,6772.5,107,257.7,191353,570.4,104.6,106936,7.300000000000001,8.922000000000001,9.765000000000001,10.209,10.72,10.77
5/15/1985,3.7718,7.97,79.3828,4503.2,54.5929,6791.5,107.2,252.2,192689,575.1,104.9,106932,7.2,8.048999999999999,8.744,9.214,9.714,9.726000000000001
6/15/1985,3.7608,7.53,79.2539,,54.6309,6826.86669921875,107.5,246.2,194762,582.3000000000001,104.6,106505,7.4,7.679,8.583,9.243,9.640000000000001,9.710000000000001
7/15/1985,3.5543,7.88,78.5389,,54.2565,6862.2333984375,107.7,243.6,195946,589.1,104.7,106807,7.4,8.151999999999999,8.835000000000001,9.473000000000001,10.006,9.919
8/15/1985,3.3493,7.9,78.71000000000001,4588.7,54.486,6897.60009765625,107.9,236.7,198013,596.2,104.5,107095,7.100000000000001,8.032999999999999,8.842000000000001,9.207000000000001,9.728999999999999,9.710000000000001
9/15/1985,3.1429,7.92,78.9042,,54.7235,6915.06689453125,108.1,233.1,199306,603.3000000000001,103.8,107657,7.100000000000001,8.023,8.706,9.167999999999999,9.654999999999999,9.787000000000001
10/15/1985,3.2289,7.99,78.4511,,54.5032,6932.53369140625,108.5,229.7,200739,607.8000000000001,104.9,107847,7.100000000000001,7.77,8.536,8.891,9.303000000000001,9.500999999999999
11/15/1985,3.5138,8.050000000000001,78.59610000000001,4598.8,54.689,6950,109,231,202120,612.2,105.5,108007,7,7.689,8.295,8.577999999999999,8.987,9.182
12/15/1985,3.7987,8.27,79.29950000000001,,55.25530000000001,6972.2666015625,109.5,233,203555,619.8000000000001,106,108216,7,7.479,7.852,8.159000000000001,8.435,8.622999999999999
1/15/1986,3.8863,8.140000000000001,79.5831,,55.5217,6994.533203125,109.9,236,204221,621.4000000000001,105.5,108887,6.7,7.577,7.828,8.215,8.462999999999999,8.644
2/15/1986,3.1132,7.86,78.9089,4637.2,55.1122,7016.7998046875,109.7,230.9,205314,625.2,104.1,108480,7.2,7.377,7.545,7.723,7.883,8.029999999999999
3/15/1986,2.2556,7.48,78.3387,,54.7682,7026.19970703125,109.1,219.9,206929,633.5,102.8,108837,7.2,6.791,6.827,7.084,7.285,7.376
4/15/1986,1.5903,6.99,78.32310000000001,,54.807,7035.599609375,108.7,215.4,208125,641,102.3,108952,7.100000000000001,6.497,6.702,7.136,7.268,7.399
5/15/1986,1.4911,6.850000000000001,78.396,4686.6,54.9061,7045,109,213.5,210154,652,102.8,109089,7.2,6.835,7.307,7.637,8.038,8.099
6/15/1986,1.7658,6.92,78.07470000000001,,54.7293,7067.63330078125,109.4,214.8,211794,660.6,103.1,109576,7.2,6.418,6.773,7.118,7.447,7.506
7/15/1986,1.577,6.56,78.4915,,55.0722,7090.2666015625,109.5,219.7,213406,670.3000000000001,102.3,109810,7,6.197,6.467,7.045,7.17,7.389
8/15/1986,1.5741,6.17,78.25200000000001,4768.5,54.95950000000001,7112.89990234375,109.6,211.9,215273,678.7,102.7,110015,6.9,5.468,5.933,6.325,6.544,6.64
9/15/1986,1.7544,5.89,78.31140000000001,,55.0628,7124.36669921875,110,209.1,216763,687.4000000000001,102.9,110085,7,5.823,6.323,6.722,7.125,7.279
10/15/1986,1.4719,5.850000000000001,78.57050000000001,,55.3145,7135.83349609375,110.2,219.5,218635,694.9000000000001,103.5,110273,7,5.651,6.153,6.521,6.782,7.053
11/15/1986,1.2844,6.04,78.8297,4797.2,55.57510000000001,7147.2998046875,110.4,226.58,220714,705.4000000000001,103.4,110475,6.9,5.732,6.113,6.354,6.625,6.745
12/15/1986,1.0979,6.91,79.3986,,56.0627,7160.5,110.8,228.64,223416,724.7,103.6,110728,6.600000000000001,6.06,6.296,6.505,6.638,6.913
1/15/1987,1.4599,6.43,79.0012,,55.8744,7173.7001953125,111.4,228.25,225346,730.2,104.1,110953,6.600000000000001,5.905,6.198,6.448,6.659,6.741
2/15/1987,2.1043,6.100000000000001,79.8733,4789.900000000001,56.5929,7186.89990234375,111.8,229.12,226567,730.7,104.4,111257,6.600000000000001,5.976,6.277,6.451,6.646,6.741
3/15/1987,3.0331,6.13,79.8527,,56.6865,7212.36669921875,112.2,226.7,227083,733.8000000000001,104.5,111408,6.600000000000001,6.182,6.451,6.699,6.854,7.057
4/15/1987,3.7753,6.37,80.188,,57.0375,7237.83349609375,112.7,228.17,228964,743.9000000000001,105.1,111794,6.300000000000001,6.836,7.238,7.572,7.758,7.835
5/15/1987,3.8567,6.850000000000001,80.56100000000001,4854,57.4189,7263.2998046875,113,240.01,230521,745.8000000000001,105.2,112434,6.300000000000001,7.09,7.605,7.85,8.010999999999999,8.114000000000001
6/15/1987,3.653,6.73,80.8152,,57.7167,7284.2998046875,113.5,249.44,231302,743.2,105.5,112246,6.2,6.823,7.348,7.633,7.826,8.007
7/15/1987,3.9269,6.58,81.15400000000001,,58.07210000000001,7305.2998046875,113.8,253.69,231973,743,105.7,112634,6.100000000000001,6.935,7.485,7.836,7.984,8.130000000000001
8/15/1987,4.2844,6.73,81.5989,4908.2,58.4979,7326.2998046875,114.3,253.35,233529,744.9000000000001,105.9,113057,6,7.205,7.824,8.144,8.286,8.42
9/15/1987,4.355700000000001,7.22,81.6947,,58.6657,7368.10009765625,114.7,254.22,234708,747.6,106.2,112909,5.9,7.882,8.44,8.766999999999999,9.012,9.095000000000001
10/15/1987,4.5331,7.29,82.7907,,59.5433,7409.900390625,115,256.45,237110,756.2,106,113282,6,6.714,7.631,8.023,8.321,8.368
11/15/1987,4.529,6.69,83.11840000000001,4920,59.85870000000001,7451.7001953125,115.4,253.8,238807,753.2,106,113505,5.800000000000001,6.883,7.555,7.965,8.269,8.457000000000001
12/15/1987,4.4344,6.77,83.40700000000001,,60.1351,7464.53369140625,115.6,253.31,239829,750.2,105.8,113793,5.7,7.242,7.639,7.887,8.116,8.304
1/15/1988,4.0468,6.83,83.37060000000001,,60.166,7477.3671875,116,258.21,241825,756.2,106.4,114016,5.7,6.719,7.138,7.372,7.578,7.678
2/15/1988,3.9427,6.58,83.6417,5002.200000000001,60.40770000000001,7490.2001953125,116.2,258.94,242804,757.7,106.3,114227,5.7,6.608,7.004,7.238,7.414,7.547
3/15/1988,3.9251,6.58,83.7968,,60.5565,7522.2666015625,116.5,256.73,243750,761.8000000000001,106.6,114037,5.7,6.849,7.278,7.552,7.783,7.972
4/15/1988,3.9042,6.87,84.1892,,60.8691,7554.3330078125,117.2,261.2,245760,768.1,107,114650,5.4,7.091,7.621,7.883,8.122999999999999,8.246
5/15/1988,3.8904,7.09,84.0954,5038.5,60.8258,7586.39990234375,117.5,263.86,247434,771.7,107.2,114292,5.600000000000001,7.665,8.053000000000001,8.272,8.52,8.65
6/15/1988,3.9648,7.51,84.26520000000001,,60.972,7599.466796875,118,275,249160,778.3000000000001,107.5,114927,5.4,7.509,7.865,8.036,8.182,8.31
7/15/1988,4.130100000000001,7.75,84.33590000000001,,61.0473,7612.53369140625,118.5,285.15,251001,781.4000000000001,108.4,115060,5.4,7.904,8.262,8.381,8.507999999999999,8.59
8/15/1988,4.021,8.01,84.68090000000001,5078.3,61.3258,7625.60009765625,119,278.83,252064,783.3000000000001,108.8,115282,5.600000000000001,8.253,8.529,8.615,8.746,8.789
9/15/1988,4.173900000000001,8.19,84.3215,,61.1009,7659.533203125,119.5,276.63,253358,783.7,109,115356,5.4,7.974,8.27,8.368,8.409000000000001,8.493
10/15/1988,4.2498,8.300000000000001,84.70580000000001,,61.4235,7693.46630859375,119.9,272.41,254579,783.3000000000001,109.2,115638,5.4,7.902,8.076000000000001,8.1,8.18,8.217000000000001
11/15/1988,4.2461,8.35,84.7808,5138.1,61.5322,7727.39990234375,120.3,275.81,255675,784.9000000000001,109.6,116100,5.300000000000001,8.462999999999999,8.641,8.644,8.73,8.728999999999999
12/15/1988,4.4194,8.76,85.05380000000001,,61.79490000000001,7751.56640625,120.7,276.13,256897,786.7,110,116104,5.300000000000001,8.896000000000001,8.935,8.986000000000001,8.991,9.000999999999999
1/15/1989,4.6672,9.120000000000001,85.19120000000001,,61.97020000000001,7775.73291015625,121.2,284.35,257914,785.7,111.1,116708,5.4,8.882999999999999,8.906000000000001,8.864000000000001,8.882,8.827999999999999
2/15/1989,4.8276,9.359999999999999,84.7012,5156.900000000001,61.6993,7799.89990234375,121.6,287.03,258308,783.8000000000001,111.9,116776,5.2,9.353999999999999,9.311,9.250999999999999,9.266,9.154999999999999
3/15/1989,4.9785,9.85,84.8086,,61.8742,7819.36669921875,122.2,287.19,259160,783,112.3,117022,5,9.621,9.518000000000001,9.456,9.340999999999999,9.287000000000001
4/15/1989,5.1238,9.84,84.6884,,61.8927,7838.83349609375,123.1,284.69,259559,779.2,113.1,117097,5.2,9.050000000000001,9.077,9.016,8.962,8.891
5/15/1989,5.3617,9.81,83.9692,5180,61.4816,7858.2998046875,123.7,284.09,260264,775,114,117099,5.2,8.765000000000001,8.605,8.609999999999999,8.592000000000001,8.541
6/15/1989,5.1695,9.529999999999999,83.85770000000001,,61.5224,7879.06640625,124.1,280.42,261107,773.5,114,117418,5.300000000000001,8.118,7.905,7.911,7.857,7.939
7/15/1989,4.9789,9.24,82.8747,,60.9278,7899.8330078125,124.5,281.51,262225,777.8000000000001,113.8,117472,5.2,7.598,7.36,7.452,7.437,7.438
8/15/1989,4.705900000000001,8.99,83.4173,5233.700000000001,61.45800000000001,7920.60009765625,124.5,278.12,262843,779.4000000000001,113.4,117655,5.2,8.113,8.237,8.18,8.166,8.129
9/15/1989,4.3406,9.02,83.00970000000001,,61.2912,7926.36669921875,124.8,277.23,263759,781,114,117354,5.300000000000001,8.308999999999999,8.292999999999999,8.292,8.257,8.223000000000001
10/15/1989,4.492500000000001,8.84,82.7394,,61.2265,7932.13330078125,125.4,275.36,264899,786.6,114.6,117581,5.300000000000001,7.746,7.675,7.773,7.774,7.757
11/15/1989,4.655,8.550000000000001,82.7949,5259.3,61.4034,7937.89990234375,125.9,271.13,265614,787.9000000000001,114.8,117912,5.4,7.669,7.586,7.632,7.682,7.68
12/15/1989,4.6473,8.449999999999999,83.1018,,61.7667,7965.533203125,126.3,264.99,267774,792.9000000000001,115.5,117830,5.4,7.757,7.735,7.789,7.79,7.76
1/15/1990,5.2023,8.23,82.4563,,61.42010000000001,7993.16650390625,127.5,259.24,269565,795.4000000000001,117.7,119081,5.4,8.076000000000001,8.097,8.167999999999999,8.215,8.244
2/15/1990,5.2632,8.24,83.0288,5300.900000000001,61.9786,8020.7998046875,128,260.56,271138,798.1,117.6,119059,5.300000000000001,8.050000000000001,8.24,8.275,8.356,8.372
3/15/1990,5.233000000000001,8.279999999999999,83.2842,,62.299,8031.43310546875,128.6,263.15,273073,801.6,117.5,119203,5.2,8.287000000000001,8.468999999999999,8.542,8.537000000000001,8.529
4/15/1990,4.7116,8.26,83.01130000000001,,62.2206,8042.06640625,128.9,271.78,275237,806.2,117.4,118852,5.4,8.537000000000001,8.749000000000001,8.835000000000001,8.9,8.879
5/15/1990,4.3619,8.18,83.00320000000001,5318.400000000001,62.3371,8052.7001953125,129.1,275.05,276727,804.2,117.5,119151,5.4,8.121,8.307,8.362,8.456,8.481
6/15/1990,4.6737,8.290000000000001,83.10210000000001,,62.5306,8052.6669921875,129.9,277.63,278975,808.9000000000001,117.6,118983,5.2,7.947,8.044,8.138999999999999,8.220000000000001,8.268000000000001
7/15/1990,4.8232,8.15,82.8771,,62.4758,8052.6337890625,130.5,277.87,280992,810.1,117.9,118810,5.5,7.668,7.737,7.862,7.951,8.034000000000001
8/15/1990,5.618,8.130000000000001,82.9278,5338.6,62.6247,8052.60009765625,131.6,275.59,284111,815.7,119.2,118802,5.7,7.62,7.895,8.113,8.324,8.452999999999999
9/15/1990,6.16,8.199999999999999,82.96120000000001,,62.75640000000001,8029.06689453125,132.5,271.1,287275,820.1,120.7,118524,5.9,7.584,7.857,8.042999999999999,8.255000000000001,8.387
10/15/1990,6.289800000000001,8.109999999999999,82.1884,,62.2734,8005.53369140625,133.4,272.88,289201,819.8000000000001,121.9,118536,5.9,7.455,7.602,7.806,8.023,8.16
11/15/1990,6.2748,7.81,81.07780000000001,5297,61.5279,7982,133.7,262.44,291101,822.1,122.6,118306,6.2,7.332,7.364,7.55,7.756,7.863
12/15/1990,6.1063,7.31,80.37950000000001,,61.08880000000001,7969.13330078125,134.2,261.09,293280,824.7,122,118241,6.300000000000001,6.918,7.054,7.307,7.47,7.656
1/15/1991,5.6515,6.91,79.91210000000001,,60.8197,7956.2666015625,134.7,257.73,297746,827.1,122.6,117940,6.4,6.609,6.92,7.162,7.435,7.523
2/15/1991,5.3125,6.25,79.2817,5282,60.4213,7943.39990234375,134.8,255.25,300909,832.7,121.8,117755,6.600000000000001,6.497,6.904,7.158,7.448,7.562
3/15/1991,4.8951,6.12,78.7663,,60.10590000000001,7961.2666015625,134.8,256.76,302800,838.8000000000001,121.3,117652,6.800000000000001,6.352,6.964,7.228,7.535,7.726
4/15/1991,4.8875,5.91,78.8006,,60.20610000000001,7979.13330078125,135.1,256.14,303012,843.1,121.3,118109,6.7,6.184,6.676,7.062,7.417,7.543
5/15/1991,4.953600000000001,5.78,79.50930000000001,5322.200000000001,60.81950000000001,7997,135.6,252.5,304208,848.8000000000001,121.6,117440,6.9,6.257,6.763,7.045,7.449,7.612
6/15/1991,4.6959,5.9,80.21090000000001,,61.4266,8008.2333984375,136,248.53,305498,856.7,121.4,117639,6.9,6.313,6.853,7.295,7.677,7.862
7/15/1991,4.447900000000001,5.82,80.10250000000001,,61.411,8019.466796875,136.2,243.07,307241,861.5,121.1,117568,6.800000000000001,6.158,6.689,7.109,7.514,7.705
8/15/1991,3.7994,5.66,80.11240000000001,5342.6,61.484,8030.7001953125,136.6,248.33,309300,866.7,121.3,117484,6.9,5.644,6.301,6.652,7.092,7.297
9/15/1991,3.3911,5.45,80.73,,62.02330000000001,8041.2001953125,137,241.25,310675,870.2,121.5,117928,6.9,5.371,5.925,6.317,6.725,6.863
10/15/1991,2.9213,5.21,80.4697,,61.889,8051.7001953125,137.2,245.52,312673,878,121.9,117800,7,5.154,5.612,6.072,6.519,6.704
11/15/1991,2.9895,4.81,80.2766,5340.200000000001,61.8074,8062.2001953125,137.8,242.6,314947,887.6,122.4,117770,7,4.789,5.355,5.792,6.355,6.587
12/15/1991,3.0643,4.43,79.9152,,61.5977,8091.7001953125,138.2,242.43,317538,897,122.3,117466,7.300000000000001,4.171,4.73,5.177,5.789,5.917
1/15/1992,2.6003,4.03,79.292,,61.2128,8121.2001953125,138.3,238.48,319647,910.4000000000001,122,117978,7.300000000000001,4.339,5.04,5.748,6.246,6.421
2/15/1992,2.819,4.06,79.78020000000001,5432,61.691,8150.7001953125,138.6,237.07,322564,925.3000000000001,122.3,117753,7.4,4.401,5.237,5.819,6.367,6.649
3/15/1992,3.1852,3.98,80.28830000000001,,62.1944,8179.56689453125,139.1,237.87,324393,936.7,122.4,118144,7.4,4.609,5.563,6.244,6.745,6.915
4/15/1992,3.1805,3.73,80.71430000000001,,62.6433,8208.43359375,139.4,242.35,326699,943.8000000000001,122.5,118426,7.4,4.376,5.398,6.071,6.607,6.917
5/15/1992,3.0236,3.82,80.81950000000001,5464.200000000001,62.8515,8237.2998046875,139.7,245.57,328796,950.5,122.9,118375,7.600000000000001,4.269,5.173,5.801,6.304,6.685
6/15/1992,3.0882,3.76,80.6589,,62.8599,8265.6328125,140.1,246.99,330156,954.3000000000001,123.4,118419,7.800000000000001,4.063,4.799,5.453,5.995,6.308
7/15/1992,3.1571,3.25,81.1704,,63.39700000000001,8293.9658203125,140.5,248.43,333274,963.2,123.3,118713,7.7,3.58,4.367,5.002,5.561,5.843
8/15/1992,3.1479,3.3,80.59820000000001,5524.6,63.0891,8322.2998046875,140.8,245.62,336921,973.7,123.4,118826,7.600000000000001,3.436,4.109,4.742,5.34,5.626
9/15/1992,2.9883,3.22,80.5878,,63.2193,8351.466796875,141.1,246,340755,988.1,123.7,118720,7.600000000000001,3.105,3.774,4.404,4.976,5.355
10/15/1992,3.2023,3.1,81.01230000000001,,63.6884,8380.6337890625,141.7,243.7,344557,1003.8,124.2,118628,7.300000000000001,3.606,4.458,5.069,5.657,6.017
11/15/1992,3.0479,3.09,81.1742,5592,63.9472,8409.7998046875,142.1,240.24,347643,1015.7,124.1,118876,7.4,3.922,4.739,5.429,5.967,6.244
12/15/1992,2.9007,2.92,81.03920000000001,,63.965,8414.966796875,142.3,238.66,350873,1024.9,124.2,118997,7.4,3.651,4.5,5.211,5.681,6.051
1/15/1993,3.2585,3.02,81.2848,,64.27930000000001,8420.1337890625,142.8,235.27,353728,1030.4,124.4,119075,7.300000000000001,3.446,4.21,4.779,5.231,5.667
2/15/1993,3.2468,3.03,81.43740000000001,5614.700000000001,64.51090000000001,8425.2998046875,143.1,237.33,355377,1033.5,124.7,119275,7.100000000000001,3.311,3.915,4.418,4.942,5.309
3/15/1993,3.0869,3.07,81.28880000000001,,64.4957,8443.2666015625,143.3,238.32,357891,1038.6,125,119542,7,3.352,3.915,4.491,4.959,5.247
4/15/1993,3.2258,2.96,81.42580000000001,,64.69800000000001,8461.2333984375,143.8,238.33,360899,1047.6,125.7,119474,7.100000000000001,3.297,3.786,4.344,4.837,5.152
5/15/1993,3.2212,3,81.02070000000001,5668.6,64.46430000000001,8479.2001953125,144.2,235.72,364918,1065.9,125.7,120115,7.100000000000001,3.631,4.18,4.661,5.07,5.397
6/15/1993,2.9957,3.04,81.10430000000001,,64.6165,8494.06640625,144.3,233.38,367896,1075.1,125.2,120290,7,3.5,3.983,4.397,4.747,5.052
7/15/1993,2.7758,3.06,81.25360000000001,,64.8201,8508.9326171875,144.5,235.63,371486,1084.5,125.1,120467,6.9,3.495,4.1,4.529,4.831,5.2
8/15/1993,2.7679,3.03,81.1204,5730.1,64.80160000000001,8523.7998046875,144.8,236.07,374558,1094.2,123.9,120856,6.800000000000001,3.353,3.833,4.225,4.493,4.795
9/15/1993,2.6893,3.09,81.3875,,65.1087,8561.3330078125,145,235.99,378240,1104.2,124.1,120554,6.7,3.373,3.848,4.2,4.545,4.777
10/15/1993,2.7504,2.99,81.85130000000001,,65.58240000000001,8598.8662109375,145.6,234.82,381598,1113,124.2,120823,6.800000000000001,3.457,3.937,4.297,4.595,4.812
11/15/1993,2.6761,3.02,82.04470000000001,5781.1,65.8498,8636.400390625,146,239.31,384039,1124.2,124.4,121169,6.600000000000001,3.632,4.171,4.532,4.906,5.144
12/15/1993,2.7484,2.96,82.3164,,66.1906,8664.43359375,146.3,244.3,386595,1129.6,124.4,121464,6.5,3.636,4.202,4.464,4.942,5.209
1/15/1994,2.5245,3.05,82.49260000000001,,66.4653,8692.466796875,146.3,245.85,390199,1131.6,124.8,121966,6.600000000000001,3.517,4.077,4.435,4.743,5.015
2/15/1994,2.5157,3.25,82.34990000000001,5845.5,66.49510000000001,8720.5,146.7,249.45,393224,1136.3,125,122086,6.600000000000001,4.063,4.634,5.021,5.347,5.59
3/15/1994,2.507,3.34,83.01230000000001,,67.1892,8760.2666015625,147.1,252.45,396045,1140.2,125.1,121930,6.5,4.477,5.165,5.662,5.98,6.202
4/15/1994,2.3611,3.56,83.2085,,67.5196,8800.033203125,147.2,252.64,398959,1141.1,125.1,122290,6.4,4.997,5.671,6.11,6.42,6.587
5/15/1994,2.2885,4.01,83.4243,5888.8,67.87990000000001,8839.7998046875,147.5,256.05,401442,1143.3,125.1,122864,6.100000000000001,5.297,5.925,6.317,6.555,6.722
6/15/1994,2.4931,4.25,83.74380000000001,,68.3381,8858.7666015625,147.9,256.52,404394,1145.1,125.2,122634,6.100000000000001,5.427,6.082,6.388,6.734,6.916
7/15/1994,2.7701,4.26,83.6388,,68.4598,8877.7333984375,148.4,254.75,407913,1150.6,125.7,122706,6.100000000000001,5.304,5.903,6.216,6.49,6.669
8/15/1994,2.9006,4.47,83.83720000000001,5936,68.83800000000001,8896.7001953125,149,261.43,409597,1150.6,126.2,123342,6,5.465,6.082,6.362,6.579,6.75
9/15/1994,2.9635,4.73,83.76300000000001,,68.99900000000001,8929.6337890625,149.3,267,411764,1151.9,125.9,123687,5.9,5.88,6.493,6.791,7.04,7.213
10/15/1994,2.6081,4.76,84.19410000000001,,69.58320000000001,8962.5673828125,149.4,266.81,413996,1150.1,125.5,124112,5.800000000000001,6.043,6.73,7.017,7.242,7.404
11/15/1994,2.6749,5.29,84.43390000000001,5994.6,70.01730000000001,8995.5,149.8,272.09,416779,1151,126.1,124516,5.600000000000001,6.837,7.258,7.513,7.613,7.668
12/15/1994,2.6749,5.45,85.07770000000001,,70.7927,9002.8662109375,150.1,279.46,418306,1150.6,126.6,124721,5.5,7.142,7.496,7.671,7.695,7.668
1/15/1995,2.8044,5.53,85.021,,70.98860000000001,9010.232421875,150.5,285.98,421049,1151.4,126.9,124663,5.600000000000001,6.743,7.122,7.31,7.387,7.414
2/15/1995,2.863,5.92,84.70410000000001,6001.6,70.9688,9017.599609375,150.9,287.54,421595,1147.4,127.2,124928,5.4,6.34,6.662,6.807,6.901,6.954
3/15/1995,2.8533,5.98,84.55340000000001,,71.09020000000001,9024.06640625,151.2,286.01,424731,1146.7,127.4,124955,5.4,6.349,6.667,6.821,6.918,6.968
4/15/1995,3.0529,6.05,84.19080000000001,,71.03360000000001,9030.533203125,151.8,282.34,427914,1149.3,127.7,124945,5.800000000000001,6.2,6.459,6.618,6.73,6.763
5/15/1995,3.1864,6.01,84.0817,6050.8,71.19380000000001,9037,152.1,288.46,430537,1145.4,127.8,124421,5.600000000000001,5.697,5.776,5.875,5.955,5.992
6/15/1995,3.0405,6,84.06620000000001,,71.43820000000001,9062.2998046875,152.4,292.64,430133,1144.2,127.8,124522,5.600000000000001,5.552,5.704,5.802,5.9,5.89
7/15/1995,2.7628,5.850000000000001,83.4289,,71.1566,9087.599609375,152.6,298.64,430782,1145.4,128,124816,5.7,5.574,5.786,5.965,6.078,6.071
8/15/1995,2.6174,5.74,84.21080000000001,6104.900000000001,72.09310000000001,9112.900390625,152.9,291.52,431231,1145.5,127.9,124852,5.7,5.622,5.751,5.866,5.974,5.979
9/15/1995,2.5435,5.8,84.18050000000001,,72.34480000000001,9134.0673828125,153.1,291.4,431930,1141.9,128.1,125133,5.600000000000001,5.648,5.717,5.828,5.919,5.906
10/15/1995,2.8094,5.76,83.6764,,72.1973,9155.234375,153.5,292.71,432635,1137.3,128.4,125388,5.5,5.514,5.528,5.645,5.732,5.721
11/15/1995,2.6052,5.8,83.5329,6147.8,72.3678,9176.400390625,153.7,295.05,432937,1134,128.7,125188,5.600000000000001,5.321,5.273,5.359,5.454,5.45
12/15/1995,2.5384,5.600000000000001,83.5044,,72.646,9197.3671875,153.9,295.02,434630,1127.5,129.3,125088,5.600000000000001,5.086,5.081,5.182,5.29,5.302
1/15/1996,2.7279,5.56,82.6361,,72.19880000000001,9218.333984375,154.7,288.48,434901,1123.5,129.7,125125,5.600000000000001,4.889,4.867,5.015,5.137,5.186
2/15/1996,2.6508,5.22,83.60520000000001,6204,73.36030000000001,9239.2998046875,155,285.95,432494,1118.4,129.7,125639,5.5,5.14,5.359,5.492,5.625,5.663
3/15/1996,2.8402,5.31,83.1404,,73.2743,9292.533203125,155.5,285.49,435941,1122.5,130.5,125862,5.5,5.418,5.688,5.851,6.01,6.04
4/15/1996,2.8966,5.22,83.47030000000001,,73.89490000000001,9345.7666015625,156.1,289.6,436917,1124.8,130.9,125994,5.600000000000001,5.533,5.936,6.127,6.279,6.315
5/15/1996,2.8909,5.24,83.6489,6274.200000000001,74.3899,9399,156.4,302.46,437460,1116.6,130.9,126244,5.600000000000001,5.675,6.153,6.364,6.506,6.557
6/15/1996,2.7541,5.27,84.0159,,75.0599,9426.2666015625,156.7,310.4,440010,1115.1,131.3,126602,5.300000000000001,5.644,6.007,6.238,6.333,6.373
7/15/1996,2.9508,5.4,83.5313,,74.9704,9453.533203125,157,308.75,442624,1112.5,131.2,126947,5.5,5.868,6.113,6.319,6.43,6.489
8/15/1996,2.8777,5.22,83.68010000000001,6311.8,75.45190000000001,9480.7998046875,157.2,312.13,444644,1101.6,131.6,127172,5.100000000000001,5.824,6.225,6.461,6.583,6.63
9/15/1996,3.0026,5.3,83.7347,,75.8549,9515.2998046875,157.7,312.62,446050,1096.1,131.7,127536,5.2,5.664,6.004,6.208,6.336,6.382
10/15/1996,2.9928,5.24,83.32480000000001,,75.8425,9549.7998046875,158.2,304.74,446846,1086.2,132.4,127890,5.2,5.438,5.662,5.829,5.964,6.003
11/15/1996,3.2552,5.31,83.608,6363.200000000001,76.47,9584.2998046875,158.7,287.63,448853,1083.2,132.5,127771,5.4,5.368,5.503,5.64,5.706,5.751
12/15/1996,3.3225,5.29,83.7294,,76.9589,9608.8662109375,159.1,286.84,452079,1081.5,132.9,127860,5.4,5.456,5.786,5.973,6.077,6.139
1/15/1997,3.044,5.25,83.4157,,77.0441,9633.4326171875,159.4,288.93,453658,1081.3,133,128298,5.300000000000001,5.487,5.831,6,6.081,6.178
2/15/1997,3.0342,5.19,83.99170000000001,6427.3,77.9662,9658,159.7,292.52,454490,1078.8,132.7,128298,5.2,5.585,6.004,6.156,6.249,6.314
3/15/1997,2.7617,5.39,84.2345,,78.59270000000001,9705.7333984375,159.8,298.77,456219,1072.1,132.6,128891,5.2,5.911,6.331,6.523,6.634,6.671
4/15/1997,2.4952,5.51,83.8224,,78.6168,9753.466796875,159.9,295.66,457859,1064,131.8,129143,5.100000000000001,5.805,6.189,6.347,6.443,6.487
5/15/1997,2.235,5.5,83.95140000000001,6453.3,79.1623,9801.2001953125,159.9,289.85,459433,1064,131.5,129464,4.9,5.786,6.115,6.255,6.381,6.408
6/15/1997,2.2974,5.56,83.86710000000001,,79.5257,9842.2001953125,160.2,294.77,462101,1065.7,131.3,129412,5,5.608,5.987,6.122,6.274,6.305
7/15/1997,2.2293,5.52,83.86890000000001,,79.9868,9883.2001953125,160.4,290.8,464681,1066.3,130.9,129822,4.9,5.502,5.653,5.722,5.787,5.828
8/15/1997,2.225,5.54,84.48820000000001,6563,81.0607,9924.2001953125,160.8,296.43,467047,1074.2,131.4,130010,4.800000000000001,5.687,5.865,6.017,6.113,6.125
9/15/1997,2.1546,5.54,84.7046,,81.7718,9949.56640625,161.2,294.32,469212,1067.7,131.6,130019,4.9,5.563,5.708,5.806,5.914,5.907
10/15/1997,2.0846,5.5,84.7287,,82.3173,9974.9326171875,161.5,293.22,471884,1065.5,131.9,130179,4.7,5.299,5.556,5.626,5.664,5.629
11/15/1997,1.8285,5.52,84.9218,6638.1,83.04470000000001,10000.2998046875,161.7,297.34,476008,1070.1,131.6,130653,4.600000000000001,5.449,5.704,5.76,5.808,5.749
12/15/1997,1.7024,5.5,84.673,,83.3498,10031.7998046875,161.8,287.95,479992,1072.8,131.4,130679,4.7,5.411,5.574,5.625,5.648,5.629
1/15/1998,1.5713,5.56,84.51310000000001,,83.74810000000001,10063.2998046875,162,270.49,482172,1074.3,130.7,130726,4.600000000000001,5.163,5.258,5.282,5.359,5.306
2/15/1998,1.4411,5.51,84.0095,6704.1,83.80420000000001,10094.7998046875,162,266.71,483204,1077.9,130.6,130807,4.600000000000001,5.33,5.461,5.484,5.55,5.504
3/15/1998,1.375,5.49,83.5151,,83.86410000000001,10125.06640625,162,266.44,484887,1077.2,130.5,130814,4.7,5.315,5.499,5.569,5.596,5.541
4/15/1998,1.4357,5.45,83.2881,,84.1833,10155.3330078125,162.2,267.8,486779,1076.7,130.7,131209,4.3,5.33,5.505,5.553,5.594,5.559
5/15/1998,1.6864,5.49,83.3274,6819.5,84.76060000000001,10185.599609375,162.6,275.04,488814,1078.1,130.5,131325,4.4,5.35,5.456,5.513,5.56,5.474
6/15/1998,1.6843,5.56,82.34870000000001,,84.2809,10230.3994140625,162.8,276.76,491728,1076.8,130.4,131244,4.5,5.337,5.399,5.478,5.48,5.381
7/15/1998,1.6822,5.54,81.50920000000001,,83.9029,10275.19921875,163.2,267.34,494655,1075.1,130.7,131329,4.5,5.42,5.415,5.457,5.49,5.464
8/15/1998,1.6169,5.55,82.82210000000001,6909.900000000001,85.72250000000001,10320,163.4,262.91,497903,1075.2,130.4,131390,4.5,5.025,4.812,4.899,4.901,4.859
9/15/1998,1.4888,5.51,82.13900000000001,,85.462,10379.533203125,163.5,253.19,502688,1080.4,130.4,131986,4.600000000000001,4.569,4.274,4.347,4.305,4.344
10/15/1998,1.4851,5.07,82.3952,,86.1602,10439.06640625,163.9,256.07,506903,1085.9,130.9,131999,4.5,4.382,4.161,4.308,4.355,4.479
11/15/1998,1.548,4.83,81.9393,7015.900000000001,86.1002,10498.599609375,164.1,249.48,510429,1094.4,130.8,132280,4.4,4.632,4.472,4.525,4.639,4.56
12/15/1998,1.6119,4.68,81.81830000000001,,86.37440000000001,10529.7666015625,164.4,236.58,513932,1095.8,131.3,132602,4.4,4.438,4.518,4.598,4.655,4.588
1/15/1999,1.6708,4.63,81.79430000000001,,86.7364,10560.93359375,164.7,235.22,516846,1097.4,131.7,133027,4.3,4.456,4.526,4.575,4.596,4.523
2/15/1999,1.6059,4.76,81.7598,7085.1,87.07600000000001,10592.099609375,164.7,234.86,520759,1097,131.2,132856,4.4,4.851,5.081,5.216,5.282,5.204
3/15/1999,1.7263,4.81,81.5836,,87.25110000000001,10619.7001953125,164.8,223.48,525084,1097.7,131.5,132947,4.2,4.665,4.935,5.069,5.148,5.167
4/15/1999,2.2769,4.74,81.45150000000001,,87.45880000000001,10647.30078125,165.9,225.3,528496,1101.8,132.1,132955,4.3,4.712,5.007,5.135,5.208,5.264
5/15/1999,2.0885,4.74,81.74930000000001,7196.6,88.12050000000001,10674.900390625,166,223.68,533310,1102.8,132.3,133311,4.2,4.94,5.339,5.514,5.606,5.637
6/15/1999,1.9632,4.76,81.32300000000001,,87.9958,10720.1669921875,166,224.63,536900,1099.8,132.4,133378,4.3,5.178,5.453,5.565,5.634,5.756
7/15/1999,2.1446,4.99,81.5502,,88.57090000000001,10765.43359375,166.7,221.14,540177,1098.8,132.7,133414,4.3,5.284,5.553,5.672,5.82,5.919
8/15/1999,2.2644,5.07,81.61070000000001,7283.1,88.9692,10810.7001953125,167.1,224.92,544799,1099,133.5,133591,4.2,5.452,5.644,5.783,5.924,5.965
9/15/1999,2.6284,5.22,81.0729,,88.71210000000001,10875.400390625,167.8,228.26,550052,1097.1,134.5,133707,4.2,5.372,5.546,5.649,5.803,5.876
10/15/1999,2.561,5.2,81.80800000000001,,89.84820000000001,10940.1005859375,168.1,233.09,557445,1102.1,134.4,133993,4.100000000000001,5.52,5.717,5.813,5.99,6.041
11/15/1999,2.622,5.42,81.90480000000001,7385.8,90.2847,11004.7998046875,168.4,232.76,571006,1111.3,134.9,134309,4.100000000000001,5.763,5.924,5.985,6.087,6.139
12/15/1999,2.6846,5.3,82.2406,,90.98320000000001,11014.3994140625,168.8,228.2,593470,1122.4,135.2,134523,4,5.893,6.144,6.217,6.296,6.386
1/15/2000,2.7389,5.45,82.0346,,91.07990000000001,11023.9990234375,169.3,226.93,590920,1121.9,135.2,136559,4,6.166,6.501,6.556,6.546,6.656
2/15/2000,3.2219,5.73,82.0484,7497.8,91.417,11033.599609375,170,221.99,572978,1109,136.6,136598,4.100000000000001,6.097,6.436,6.501,6.484,6.564
3/15/2000,3.7576,5.850000000000001,82.08840000000001,,91.7808,11105.3330078125,171,222.56,571786,1108.1,137.3,136701,4,6.299,6.387,6.335,6.259,6.248
4/15/2000,3.0686,6.02,82.307,,92.3407,11177.06640625,170.9,227.72,572314,1113.8,136.9,137270,3.8,6.448,6.56,6.485,6.48,6.452
5/15/2000,3.1889,6.27,82.1405,7568.3,92.46380000000001,11248.7998046875,171.2,232.44,573702,1105.8,137,136630,4,6.265,6.593,6.532,6.519,6.448
6/15/2000,3.7304,6.53,81.92960000000001,,92.5296,11251.966796875,172.2,234.28,575703,1103.2,138.1,136940,4,6.394,6.278,6.198,6.205,6.154
7/15/2000,3.6593,6.54,81.4614,,92.29390000000001,11255.1337890625,172.7,223.65,576982,1103.6,138.2,136531,4,6.362,6.2,6.224,6.173,6.129
8/15/2000,3.4111,6.5,81.02170000000001,7642.400000000001,92.0817,11258.2998046875,172.7,217.52,577786,1100.8,137.9,136662,4.100000000000001,6.127,6.084,6.019,5.955,5.928
9/15/2000,3.4544,6.52,81.16380000000001,,92.5254,11280.533203125,173.6,219.26,578382,1099.6,139,136893,3.9,6.191,5.879,5.867,5.816,5.793
10/15/2000,3.4483,6.51,80.583,,92.1401,11302.7666015625,173.9,223.89,580301,1098.4,139.5,137088,3.9,6.205,5.82,5.821,5.767,5.702
11/15/2000,3.4462,6.51,80.3533,7710,92.1503,11325,174.2,221.43,581961,1092.4,140.2,137322,3.9,5.831,5.551,5.534,5.48,5.386
12/15/2000,3.3868,6.4,79.8438,,91.83290000000001,11312.599609375,174.6,225.61,584885,1087.2,140.5,137614,3.9,5.428,5.043,5.086,5.045,4.987
1/15/2001,3.7322,5.98,79.07090000000001,,91.2043,11300.19921875,175.6,222.54,588000,1097.2,141.7,137778,4.2,4.651,4.564,4.707,4.81,4.843
2/15/2001,3.5336,5.49,78.3673,7740.8,90.6455,11287.7998046875,176,224.6,589748,1101.3,141.9,137612,4.2,4.415,4.383,4.562,4.65,4.696
3/15/2001,2.9206,5.31,77.9308,,90.3871,11312.43359375,176.1,226.74,592348,1109.7,141.2,137783,4.3,4.154,4.182,4.401,4.537,4.618
4/15/2001,3.2691,4.8,77.5386,,90.1712,11337.0673828125,176.4,224.81,595609,1115,142,137299,4.4,4.033,4.275,4.638,4.825,4.934
5/15/2001,3.6152,4.21,76.76870000000001,7770,89.5061,11361.7001953125,177.3,227.06,598777,1119.6,142.3,137092,4.3,3.79,4.216,4.619,4.863,4.973
6/15/2001,3.2483,3.97,76.08890000000001,,88.93470000000001,11351.2666015625,177.7,230.85,601937,1126.7,141.8,136873,4.5,3.878,4.23,4.661,4.917,5.065
7/15/2001,2.7199,3.77,75.5604,,88.5278,11340.8330078125,177.4,233.36,607853,1140,140.1,137071,4.600000000000001,3.455,3.772,4.22,4.494,4.668
8/15/2001,2.7199,3.65,75.1348,7804.200000000001,88.23190000000001,11330.400390625,177.4,236.05,615545,1150.1,140.7,136241,4.9,3.329,3.612,4.055,4.321,4.494
9/15/2001,2.6482,3.07,74.69670000000001,,87.9105,11343.6005859375,178.1,234,639637,1205,141.3,136846,5,2.515,2.821,3.422,3.762,4.053
10/15/2001,2.1264,2.49,74.15470000000001,,87.455,11356.80078125,177.6,216.88,630193,1165.8,139,136392,5.300000000000001,1.956,2.368,2.96,3.36,3.672
11/15/2001,1.8955,2.09,73.63630000000001,7926.400000000001,87.0138,11370,177.5,206.21,629720,1170.8,138.5,136238,5.5,2.051,2.842,3.512,3.911,4.1
12/15/2001,1.5517,1.82,73.5082,,87.0194,11402.3662109375,177.4,216.88,635441,1182.1,138,136047,5.7,2.052,3.064,3.811,4.227,4.439
1/15/2002,1.1422,1.73,73.84060000000001,,87.5566,11434.732421875,177.7,211.41,641251,1190.3,137.7,135701,5.7,2.276,3.148,3.808,4.242,4.516
2/15/2002,1.1377,1.74,73.70100000000001,7953.700000000001,87.51740000000001,11467.099609375,178,213.04,646183,1190.4,138,136438,5.7,2.195,3.038,3.621,4.076,4.355
3/15/2002,1.4756,1.73,74.19030000000001,,88.208,11487.4326171875,178.5,216.61,649991,1192.6,138.8,136177,5.7,2.689,3.678,4.324,4.725,5.001
4/15/2002,1.6393,1.75,74.4269,,88.5805,11507.765625,179.3,220.12,653790,1185.5,138.7,136126,5.9,2.249,3.216,3.857,4.294,4.581
5/15/2002,1.1818,1.75,74.78450000000001,7994.1,89.0788,11528.099609375,179.5,211.59,657802,1189.1,138.4,136539,5.800000000000001,2.269,3.184,3.732,4.119,4.411
6/15/2002,1.0674,1.75,75.44590000000001,,89.9205,11547.599609375,179.6,223.04,662864,1193,138.8,136415,5.800000000000001,1.941,2.88,3.459,3.861,4.147
7/15/2002,1.4648,1.73,75.16420000000001,,89.61800000000001,11567.099609375,180,233.47,668485,1200.3,138.6,136413,5.800000000000001,1.723,2.222,2.852,3.29,3.633
8/15/2002,1.8028,1.74,75.3066,8048.3,89.80160000000001,11586.599609375,180.5,233.29,670281,1186.4,138.7,136705,5.7,1.747,2.108,2.547,2.987,3.283
9/15/2002,1.5143,1.75,75.3699,,89.87570000000001,11587.9326171875,180.8,233.22,671511,1195.7,139.2,137302,5.7,1.43,1.681,2.034,2.394,2.669
10/15/2002,2.0259,1.75,75.0928,,89.53070000000001,11589.265625,181.2,235.58,673795,1203.9,140,137008,5.7,1.337,1.663,2.126,2.53,2.874
11/15/2002,2.1984,1.34,75.504,8076.900000000001,89.995,11590.599609375,181.5,236.73,676895,1208.5,140,136521,5.9,1.506,2.033,2.608,3.029,3.318
12/15/2002,2.3769,1.24,75.1388,,89.52510000000001,11606.7001953125,181.8,242.87,681484,1219.7,139.7,136426,6,1.209,1.582,2.033,2.462,2.807
1/15/2003,2.5974,1.24,75.7475,,90.2076,11622.80078125,182.6,247.82,685206,1226,141.1,137417,5.800000000000001,1.284,1.691,2.2,2.676,3.042
2/15/2003,2.9809,1.26,76.02940000000001,8117.700000000001,90.5004,11638.900390625,183.6,251.26,690361,1238.2,142.7,137482,5.9,1.233,1.511,1.931,2.37,2.725
3/15/2003,3.0201,1.25,75.9434,,90.3536,11671.7666015625,183.9,250.73,694616,1239,144,137434,5.9,1.145,1.486,1.972,2.445,2.825
4/15/2003,2.2247,1.26,75.37700000000001,,89.6337,11704.6328125,183.2,248.03,698009,1248.1,142.2,137633,6,1.15,1.476,1.983,2.473,2.886
5/15/2003,2.0578,1.26,75.42140000000001,8198.1,89.64280000000001,11737.5,182.9,247.51,701081,1268,141.9,137544,6.100000000000001,1.164,1.319,1.621,1.998,2.351
6/15/2003,2.1123,1.22,75.4616,,89.6511,11801.900390625,183.1,251.59,703506,1281,142.7,137790,6.300000000000001,1.039,1.299,1.7,2.114,2.5
7/15/2003,2.1099,1.01,75.73400000000001,,89.94120000000001,11866.30078125,183.7,249.85,705362,1288.8,142.8,137474,6.2,1.225,1.735,2.336,2.888,3.36
8/15/2003,2.1583,1.03,75.7123,8308.5,89.88800000000001,11930.7001953125,184.5,251.2,709786,1294.3,143.7,137549,6.100000000000001,1.283,1.959,2.546,3.09,3.511
9/15/2003,2.3204,1.01,76.17410000000001,,90.41420000000001,11966.6669921875,185.1,254.73,711235,1297.7,144,137609,6.100000000000001,1.055,1.463,1.981,2.447,2.88
10/15/2003,2.0408,1.01,76.1614,,90.38080000000001,12002.6337890625,184.9,269.06,715085,1297.1,144.8,137984,6,1.237,1.822,2.405,2.865,3.295
11/15/2003,1.765,1,76.7735,8353.700000000001,91.0912,12038.599609375,185,278.3,717653,1297.6,144.6,138424,5.800000000000001,1.435,2.037,2.576,3.003,3.385
12/15/2003,1.8795,.98,76.7594,,91.06010000000001,12065.033203125,185.5,280.14,720218,1306.5,145.1,138411,5.7,1.227,1.837,2.374,2.842,3.261
1/15/2004,1.9263,1,76.96520000000001,,91.2902,12091.466796875,186.3,283.58,721737,1305,145.9,138472,5.7,1.226,1.811,2.354,2.79,3.181
2/15/2004,1.6931,1.01,77.4388,8427.6,91.8383,12117.900390625,186.7,290.5,723616,1321.1,145.8,138542,5.600000000000001,1.145,1.639,2.143,2.586,2.972
3/15/2004,1.7372,1,76.99510000000001,,91.29860000000001,12143.900390625,187.1,301.63,726424,1329.6,146.2,138453,5.800000000000001,1.146,1.574,2.004,2.44,2.807
4/15/2004,2.2851,1,77.3441,,91.6992,12169.900390625,187.4,307.03,730081,1331,147.2,138680,5.600000000000001,1.606,2.308,2.894,3.321,3.65
5/15/2004,3.0518,1,77.9038,8465.1,92.35090000000001,12195.900390625,188.2,304.68,733365,1331.5,148.4,138852,5.600000000000001,1.805,2.526,3.119,3.533,3.855
6/15/2004,3.2662,1.03,77.2235,,91.53490000000001,12226.1669921875,188.9,299.92,738543,1343.2,148.4,139174,5.600000000000001,2.012,2.672,3.16,3.504,3.811
7/15/2004,2.9908,1.26,77.77290000000001,,92.1789,12256.43359375,189.1,293.02,746199,1341,148.2,139556,5.5,2.056,2.658,3.113,3.434,3.735
8/15/2004,2.6544,1.43,77.9813,8539.1,92.42190000000001,12286.7001953125,189.2,290.69,747910,1353.2,148.6,139573,5.4,1.944,2.388,2.731,3.057,3.354
9/15/2004,2.5378,1.61,77.94930000000001,,92.38680000000001,12320.2001953125,189.8,297.15,752844,1362.6,148.8,139487,5.4,2.158,2.598,2.871,3.156,3.389
10/15/2004,3.1892,1.76,78.73190000000001,,93.32510000000001,12353.7001953125,190.8,294.71,755365,1360.6,151.2,139732,5.5,2.206,2.531,2.792,3.068,3.303
11/15/2004,3.523,1.93,78.84990000000001,8631.300000000001,93.48520000000001,12387.2001953125,191.7,289.47,759149,1374.9,152.1,140231,5.4,2.624,2.985,3.248,3.491,3.703
12/15/2004,3.2556,2.16,79.3734,,94.1358,12429.7998046875,191.7,302.5,759260,1376.4,151.4,140125,5.4,2.749,3.05,3.233,3.453,3.621
1/15/2005,2.9698,2.28,79.77250000000001,,94.6481,12472.3994140625,191.6,293.82,760347,1366,151.9,140245,5.300000000000001,2.937,3.255,3.409,3.55,3.695
2/15/2005,3.0075,2.5,80.2582,8700.1,95.2783,12515,192.4,289.55,762867,1371.9,152.7,140385,5.4,3.248,3.574,3.745,3.881,4.012
3/15/2005,3.1483,2.63,80.13300000000001,,95.19450000000001,12533.56640625,193.1,294.09,765033,1372,153.7,140654,5.2,3.411,3.755,3.916,4.042,4.149
4/15/2005,3.5106,2.79,80.0994,,95.2273,12552.1328125,193.7,297.14,766051,1356.6,154.2,141254,5.2,3.37,3.607,3.711,3.789,3.878
5/15/2005,2.8027,3,80.158,8786.200000000001,95.3801,12570.7001953125,193.6,301.97,766753,1364.4,153.9,141609,5.100000000000001,3.37,3.546,3.595,3.651,3.714
6/15/2005,2.5303,3.04,80.369,,95.72450000000001,12603.966796875,193.7,295.26,770470,1379.7,153.9,141714,5,3.49,3.603,3.616,3.656,3.673
7/15/2005,3.1679,3.26,80.1613,,95.57850000000001,12637.2333984375,194.9,294.19,773496,1367.2,155,142026,5,3.85,3.957,4.02,4.09,4.094
8/15/2005,3.6412,3.5,80.1769,8852.9,95.70540000000001,12670.5,196.1,293.49,775761,1376.6,156.3,142434,4.9,3.722,3.785,3.79,3.803,3.821
9/15/2005,4.6867,3.62,78.4888,,93.8027,12692.2001953125,198.8,293.54,780077,1378.2,158.8,142401,5,4.062,4.124,4.134,4.157,4.149
10/15/2005,4.3478,3.78,79.36070000000001,,94.96300000000001,12713.900390625,199.1,298.15,781494,1375.2,160.5,142548,5,4.31,4.336,4.377,4.403,4.398
11/15/2005,3.4555,4,80.02800000000001,8874.9,95.88500000000001,12735.599609375,198.1,297.53,784192,1376.3,158.7,142499,5,4.394,4.359,4.345,4.362,4.364
12/15/2005,3.4157,4.16,80.37830000000001,,96.43210000000001,12789.2001953125,198.1,296.58,787447,1374.9,159.6,142752,4.9,4.389,4.323,4.317,4.312,4.292
1/15/2006,3.9853,4.29,80.39100000000001,,96.57850000000001,12842.80078125,199.3,303.27,791469,1380,160.5,143150,4.7,4.545,4.468,4.434,4.451,4.408
2/15/2006,3.5975,4.49,80.3441,8965.800000000001,96.65600000000001,12896.400390625,199.4,311.77,795727,1379.2,158.7,143457,4.800000000000001,4.679,4.617,4.598,4.588,4.54
3/15/2006,3.3626,4.59,80.39920000000001,,96.8605,12913.833984375,199.7,313.19,797855,1382.9,159.3,143741,4.7,4.81,4.751,4.75,4.764,4.751
4/15/2006,3.5457,4.79,80.6172,,97.26690000000001,12931.267578125,200.7,314.1,800695,1379.6,160.6,143761,4.7,4.854,4.775,4.8,4.836,4.846
5/15/2006,4.166700000000001,4.94,80.34350000000001,9019.800000000001,97.0877,12948.7001953125,201.3,327.95,805082,1385.4,160.6,144089,4.600000000000001,5.034,4.962,4.95,4.956,4.969
6/15/2006,4.3188,4.99,80.51390000000001,,97.45400000000001,12949.2666015625,201.8,332.26,804986,1373.4,161.4,144353,4.600000000000001,5.206,5.079,5.05,5.017,5.026
7/15/2006,4.1453,5.24,80.50020000000001,,97.6066,12949.8330078125,202.9,337.07,804260,1370.4,161,144202,4.7,5.043,4.887,4.846,4.814,4.844
8/15/2006,3.8187,5.25,80.53230000000001,9073.9,97.8245,12950.400390625,203.8,340.09,804744,1370.2,162.1,144625,4.7,4.927,4.706,4.634,4.625,4.627
9/15/2006,2.0624,5.25,80.2677,,97.68820000000001,12979.7333984375,202.8,342.35,805998,1362.6,160.2,144815,4.5,4.866,4.601,4.541,4.519,4.512
10/15/2006,1.3052,5.25,80.1091,,97.6855,13009.06640625,201.9,344.8,806102,1369.3,158.7,145314,4.4,4.853,4.626,4.535,4.504,4.501
11/15/2006,1.9737,5.25,79.8536,9158.300000000001,97.5664,13038.400390625,202,353.05,808825,1370.9,160,145534,4.5,4.805,4.546,4.428,4.387,4.384
12/15/2006,2.5407,5.24,80.5411,,98.59950000000001,13044.2998046875,203.1,359.96,812410,1366.3,161.1,145970,4.4,4.937,4.716,4.647,4.624,4.622
1/15/2007,2.0756,5.25,80.15900000000001,,98.32040000000001,13050.19921875,203.379,362.35,813106,1373.2,160.6,146033,4.600000000000001,4.985,4.846,4.759,4.723,4.739
2/15/2007,2.4152,5.26,80.87530000000001,9209.200000000001,99.3827,13056.099609375,204.238,360.24,812009,1363.9,162.5,146066,4.5,4.833,4.576,4.493,4.461,4.46
3/15/2007,2.7788,5.26,80.7501,,99.4034,13095.2666015625,205.247,371.11,812730,1366.4,164.2,146334,4.4,4.817,4.497,4.472,4.475,4.467
4/15/2007,2.5737,5.25,81.2385,,100.1666,13134.43359375,206.01,383.96,816049,1377.5,165.7,145610,4.5,4.873,4.524,4.449,4.445,4.452
5/15/2007,2.6909,5.25,81.07940000000001,9244.5,100.1143,13173.599609375,206.813,396.09,818648,1379.2,166.6,145901,4.4,4.964,4.847,4.787,4.786,4.787
6/15/2007,2.687,5.25,80.9876,,100.122,13205.666015625,207.162,400.42,819968,1364.9,166.6,146058,4.600000000000001,4.937,4.777,4.8,4.842,4.857
7/15/2007,2.3582,5.26,81.01130000000001,,100.2435,13237.732421875,207.655,406.13,821830,1370.7,167.5,145886,4.7,4.718,4.458,4.438,4.487,4.51
8/15/2007,1.9701,5.02,80.95310000000001,9285.200000000001,100.2324,13269.7998046875,207.689,410.42,825256,1373,165.8,145670,4.600000000000001,4.362,4.099,4.129,4.197,4.221
9/15/2007,2.7551,4.94,81.32090000000001,,100.7241,13288.533203125,208.467,405.17,823358,1373.4,167.3,146231,4.7,4.036,3.916,4.011,4.124,4.206
10/15/2007,3.5362,4.76,80.81320000000001,,100.109,13307.2666015625,209.156,415.62,826010,1378.8,168.6,145937,4.7,4.026,3.895,3.927,4.051,4.133
11/15/2007,4.3062,4.49,81.13560000000001,9312.6,100.5032,13326,210.81,414.42,826601,1371.2,172,146584,4.7,3.129,2.982,3.034,3.265,3.373
12/15/2007,4.081300000000001,4.24,81.2929,,100.6784,13344.7333984375,211.416,412.6,824369,1373.6,171.3,146272,5,,,,,
